Component_ID,Lot_ID,Iddq_0h_uA,Iddq_24h_uA,Iddq_96h_uA,Iddq_168h_uA,Ground_Truth_Class
ISRO_IC_00000,LOT_BETA,12.664,12.994,13.574,13.675,0
ISRO_IC_00001,LOT_DELTA,14.552,14.858,15.469,15.377,0
ISRO_IC_00002,LOT_GAMMA,8.277,8.585,8.932,8.891,0
ISRO_IC_00003,LOT_GAMMA,8.142,11.261,18.899,47.631,2
ISRO_IC_00004,LOT_ALPHA,12.279,12.661,12.804,13.281,0
ISRO_IC_00005,LOT_ALPHA,11.578,12.273,12.097,12.375,0
ISRO_IC_00006,LOT_ALPHA,10.336,10.992,11.22,11.099,0
ISRO_IC_00007,LOT_DELTA,19.003,19.355,19.729,19.752,0
ISRO_IC_00008,LOT_GAMMA,9.256,9.57,10.049,9.949,0
ISRO_IC_00009,LOT_GAMMA,7.268,7.816,8.167,8.344,0
ISRO_IC_00010,LOT_ALPHA,9.255,9.721,9.776,9.886,0
ISRO_IC_00011,LOT_DELTA,14.568,15.46,15.457,15.52,0
ISRO_IC_00012,LOT_DELTA,12.447,12.823,12.989,13.326,0
ISRO_IC_00013,LOT_ALPHA,10.232,10.785,10.786,10.835,0
ISRO_IC_00014,LOT_ALPHA,8.461,9.056,9.227,8.935,0
ISRO_IC_00015,LOT_ALPHA,17.325,17.638,18.114,18.093,1
ISRO_IC_00016,LOT_BETA,14.707,15.058,15.334,15.65,0
ISRO_IC_00017,LOT_BETA,14.224,14.598,14.807,14.954,0
ISRO_IC_00018,LOT_BETA,11.238,11.808,12.097,12.477,0
ISRO_IC_00019,LOT_ALPHA,10.085,10.642,10.819,10.87,0
ISRO_IC_00020,LOT_GAMMA,7.882,8.507,8.859,8.851,0
ISRO_IC_00021,LOT_ALPHA,11.025,11.58,11.605,11.735,0
ISRO_IC_00022,LOT_ALPHA,10.408,11.004,11.241,11.19,0
ISRO_IC_00023,LOT_BETA,11.347,11.838,11.977,11.861,0
ISRO_IC_00024,LOT_BETA,12.956,13.398,13.846,13.523,0
ISRO_IC_00025,LOT_GAMMA,9.98,10.54,10.865,10.867,0
ISRO_IC_00026,LOT_ALPHA,11.454,11.883,12.018,12.436,0
ISRO_IC_00027,LOT_BETA,13.341,16.047,25.694,53.019,2
ISRO_IC_00028,LOT_GAMMA,8.999,9.645,9.876,9.982,0
ISRO_IC_00029,LOT_ALPHA,9.002,11.841,21.724,53.531,2
ISRO_IC_00030,LOT_GAMMA,8.535,9.294,9.476,9.347,0
ISRO_IC_00031,LOT_ALPHA,11.915,12.283,12.677,12.603,0
ISRO_IC_00032,LOT_ALPHA,9.7,10.027,10.415,10.398,0
ISRO_IC_00033,LOT_DELTA,15.492,15.934,16.197,16.595,0
ISRO_IC_00034,LOT_DELTA,14.611,15.23,15.476,15.576,0
ISRO_IC_00035,LOT_DELTA,14.911,15.547,15.854,16.12,0
ISRO_IC_00036,LOT_BETA,14.034,14.591,14.803,14.848,0
ISRO_IC_00037,LOT_ALPHA,9.634,10.305,10.537,10.565,0
ISRO_IC_00038,LOT_GAMMA,9.691,10.151,10.316,10.517,0
ISRO_IC_00039,LOT_BETA,13.518,14.045,14.119,14.359,0
ISRO_IC_00040,LOT_ALPHA,9.873,10.354,10.422,10.704,0
ISRO_IC_00041,LOT_BETA,12.822,13.348,13.701,13.858,0
ISRO_IC_00042,LOT_ALPHA,12.195,12.761,13.034,13.037,0
ISRO_IC_00043,LOT_DELTA,13.646,13.928,14.054,14.211,0
ISRO_IC_00044,LOT_ALPHA,12.784,13.154,13.435,13.492,0
ISRO_IC_00045,LOT_GAMMA,9.956,10.179,10.796,10.574,0
ISRO_IC_00046,LOT_BETA,9.289,9.886,10.093,10.063,0
ISRO_IC_00047,LOT_BETA,12.12,12.58,12.983,13.038,0
ISRO_IC_00048,LOT_BETA,14.192,14.292,14.766,14.813,0
ISRO_IC_00049,LOT_ALPHA,11.078,11.436,11.851,12.003,0
ISRO_IC_00050,LOT_DELTA,17.971,18.6,19.022,18.939,0
ISRO_IC_00051,LOT_GAMMA,6.647,7.242,7.372,7.636,0
ISRO_IC_00052,LOT_DELTA,12.803,13.442,13.658,13.753,0
ISRO_IC_00053,LOT_DELTA,33.869,34.355,34.5,34.654,1
ISRO_IC_00054,LOT_GAMMA,7.081,7.742,8.105,8.193,0
ISRO_IC_00055,LOT_DELTA,26.065,26.453,26.718,27.053,1
ISRO_IC_00056,LOT_ALPHA,10.742,11.347,11.655,11.643,0
ISRO_IC_00057,LOT_ALPHA,10.457,11.164,11.247,11.261,0
ISRO_IC_00058,LOT_ALPHA,11.297,11.78,12.148,12.149,0
ISRO_IC_00059,LOT_BETA,13.416,13.961,13.961,14.305,0
ISRO_IC_00060,LOT_BETA,13.315,13.722,13.714,14.031,0
ISRO_IC_00061,LOT_ALPHA,9.542,10.089,10.709,10.404,0
ISRO_IC_00062,LOT_DELTA,16.855,17.484,17.482,17.643,0
ISRO_IC_00063,LOT_BETA,15.613,16.175,16.145,16.412,0
ISRO_IC_00064,LOT_ALPHA,11.527,11.844,12.078,12.184,0
ISRO_IC_00065,LOT_BETA,12.907,13.299,13.501,13.564,0
ISRO_IC_00066,LOT_ALPHA,9.507,9.983,10.042,9.899,0
ISRO_IC_00067,LOT_DELTA,15.792,16.455,16.504,16.89,0
ISRO_IC_00068,LOT_ALPHA,10.37,10.71,11.041,10.838,0
ISRO_IC_00069,LOT_DELTA,37.11,37.571,37.641,38.087,1
ISRO_IC_00070,LOT_GAMMA,9.787,10.553,10.84,10.81,0
ISRO_IC_00071,LOT_ALPHA,11.913,12.481,12.343,12.672,0
ISRO_IC_00072,LOT_ALPHA,11.251,11.593,12.049,12.178,0
ISRO_IC_00073,LOT_DELTA,12.849,13.172,13.453,13.475,0
ISRO_IC_00074,LOT_GAMMA,9.086,9.706,10.086,10.33,0
ISRO_IC_00075,LOT_GAMMA,9.201,9.988,9.725,10.16,0
ISRO_IC_00076,LOT_GAMMA,8.508,10.493,18.22,43.689,2
ISRO_IC_00077,LOT_ALPHA,11.294,11.765,11.534,12.129,0
ISRO_IC_00078,LOT_BETA,13.913,14.523,14.85,15.117,0
ISRO_IC_00079,LOT_ALPHA,9.532,9.934,10.17,10.308,0
ISRO_IC_00080,LOT_DELTA,15.824,16.368,16.563,16.398,0
ISRO_IC_00081,LOT_GAMMA,7.989,8.463,8.899,8.976,0
ISRO_IC_00082,LOT_BETA,14.182,14.839,14.874,15.079,0
ISRO_IC_00083,LOT_ALPHA,10.073,10.694,10.945,11.164,0
ISRO_IC_00084,LOT_BETA,12.018,12.407,13.026,12.908,0
ISRO_IC_00085,LOT_BETA,13.009,13.259,13.894,13.969,0
ISRO_IC_00086,LOT_GAMMA,7.989,8.294,8.627,8.652,0
ISRO_IC_00087,LOT_GAMMA,7.197,7.356,7.738,7.98,0
ISRO_IC_00088,LOT_DELTA,16.878,17.453,17.539,17.836,0
ISRO_IC_00089,LOT_BETA,14.273,14.791,14.674,14.917,0
ISRO_IC_00090,LOT_ALPHA,9.234,9.872,10.056,10.186,0
ISRO_IC_00091,LOT_GAMMA,9.835,10.219,10.45,10.388,0
ISRO_IC_00092,LOT_GAMMA,7.759,8.132,8.627,8.802,0
ISRO_IC_00093,LOT_GAMMA,9.559,10.13,10.253,10.281,0
ISRO_IC_00094,LOT_GAMMA,8.897,9.342,9.468,9.65,0
ISRO_IC_00095,LOT_BETA,15.313,16.028,16.199,16.496,0
ISRO_IC_00096,LOT_BETA,11.548,12.272,12.197,12.469,0
ISRO_IC_00097,LOT_BETA,12.317,12.839,13.003,12.974,0
ISRO_IC_00098,LOT_ALPHA,11.169,11.616,11.731,11.842,0
ISRO_IC_00099,LOT_ALPHA,11.142,11.927,11.679,11.903,0
ISRO_IC_00100,LOT_ALPHA,9.145,9.505,9.827,9.991,0
ISRO_IC_00101,LOT_GAMMA,9.421,9.945,10.223,10.257,0
ISRO_IC_00102,LOT_BETA,11.838,12.386,12.391,12.38,0
ISRO_IC_00103,LOT_BETA,12.916,13.398,13.482,13.764,0
ISRO_IC_00104,LOT_DELTA,15.794,16.66,16.506,16.899,0
ISRO_IC_00105,LOT_ALPHA,10.142,10.741,11.136,11.109,0
ISRO_IC_00106,LOT_BETA,14.539,14.912,15.159,15.38,0
ISRO_IC_00107,LOT_GAMMA,7.864,8.59,8.582,8.698,0
ISRO_IC_00108,LOT_ALPHA,10.089,10.601,11.013,11.071,0
ISRO_IC_00109,LOT_ALPHA,11.16,11.426,11.565,11.801,0
ISRO_IC_00110,LOT_ALPHA,9.609,10.255,10.285,10.528,0
ISRO_IC_00111,LOT_ALPHA,11.071,11.64,12.034,11.896,0
ISRO_IC_00112,LOT_DELTA,17.323,17.807,17.96,18.115,0
ISRO_IC_00113,LOT_DELTA,16.294,16.674,16.752,17.186,0
ISRO_IC_00114,LOT_GAMMA,8.29,8.754,8.798,8.713,0
ISRO_IC_00115,LOT_DELTA,14.99,15.715,15.987,16.098,0
ISRO_IC_00116,LOT_DELTA,14.265,14.653,15.018,14.776,0
ISRO_IC_00117,LOT_ALPHA,10.191,10.83,11.1,11.327,0
ISRO_IC_00118,LOT_DELTA,14.654,15.353,15.353,15.579,0
ISRO_IC_00119,LOT_BETA,13.017,13.553,13.708,13.564,0
ISRO_IC_00120,LOT_DELTA,17.307,17.624,17.814,17.83,0
ISRO_IC_00121,LOT_DELTA,16.834,16.874,17.306,17.641,0
ISRO_IC_00122,LOT_BETA,12.258,12.995,13.085,13.212,0
ISRO_IC_00123,LOT_ALPHA,11.406,11.937,12.104,12.244,0
ISRO_IC_00124,LOT_ALPHA,9.453,9.565,9.864,9.865,0
ISRO_IC_00125,LOT_BETA,14.64,17.392,25.324,60.125,2
ISRO_IC_00126,LOT_DELTA,15.206,15.679,15.796,15.947,0
ISRO_IC_00127,LOT_DELTA,14.786,15.222,15.6,15.609,0
ISRO_IC_00128,LOT_ALPHA,9.928,10.41,10.794,10.783,0
ISRO_IC_00129,LOT_BETA,11.878,12.646,12.564,12.885,0
ISRO_IC_00130,LOT_BETA,14.841,15.198,15.608,15.716,0
ISRO_IC_00131,LOT_ALPHA,11.005,11.47,11.766,12.096,0
ISRO_IC_00132,LOT_ALPHA,11.443,11.786,11.821,11.935,0
ISRO_IC_00133,LOT_BETA,11.754,12.125,12.364,12.472,0
ISRO_IC_00134,LOT_DELTA,14.186,14.515,14.976,15.096,0
ISRO_IC_00135,LOT_BETA,12.624,13.223,13.541,13.577,0
ISRO_IC_00136,LOT_BETA,15.679,17.719,27.402,70.866,2
ISRO_IC_00137,LOT_GAMMA,8.252,9.01,9.257,9.404,0
ISRO_IC_00138,LOT_BETA,19.976,20.636,20.702,20.678,1
ISRO_IC_00139,LOT_DELTA,14.562,15.013,15.802,15.604,0
ISRO_IC_00140,LOT_DELTA,14.997,15.578,16.013,15.99,0
ISRO_IC_00141,LOT_ALPHA,9.142,9.493,9.884,9.958,0
ISRO_IC_00142,LOT_BETA,14.279,14.792,14.8,14.592,0
ISRO_IC_00143,LOT_BETA,13.68,14.477,14.67,14.5,0
ISRO_IC_00144,LOT_ALPHA,9.291,10.064,10.266,10.523,0
ISRO_IC_00145,LOT_ALPHA,9.473,10.045,10.01,10.251,0
ISRO_IC_00146,LOT_GAMMA,7.662,10.48,16.114,60.645,2
ISRO_IC_00147,LOT_BETA,12.108,12.61,12.865,12.917,0
ISRO_IC_00148,LOT_ALPHA,10.217,10.804,11.325,11.422,0
ISRO_IC_00149,LOT_ALPHA,7.648,8.381,8.407,8.285,0
ISRO_IC_00150,LOT_DELTA,15.447,15.968,16.443,16.165,0
ISRO_IC_00151,LOT_ALPHA,11.004,11.436,11.671,11.749,0
ISRO_IC_00152,LOT_ALPHA,10.074,10.538,10.733,10.525,0
ISRO_IC_00153,LOT_BETA,10.629,11.304,11.322,11.549,0
ISRO_IC_00154,LOT_DELTA,14.58,14.958,15.52,15.397,0
ISRO_IC_00155,LOT_ALPHA,11.032,11.278,11.751,11.791,0
ISRO_IC_00156,LOT_GAMMA,9.988,10.418,10.749,10.874,0
ISRO_IC_00157,LOT_GAMMA,8.039,8.535,8.761,8.919,0
ISRO_IC_00158,LOT_ALPHA,10.293,10.88,11.098,10.96,0
ISRO_IC_00159,LOT_GAMMA,9.329,9.916,9.972,10.03,0
ISRO_IC_00160,LOT_BETA,15.391,15.805,16.128,16.109,0
ISRO_IC_00161,LOT_GAMMA,9.85,10.421,10.48,10.7,0
ISRO_IC_00162,LOT_GAMMA,6.438,7.386,7.521,7.818,0
ISRO_IC_00163,LOT_BETA,14.719,15.298,15.335,15.401,0
ISRO_IC_00164,LOT_ALPHA,9.444,9.743,10.11,10.174,0
ISRO_IC_00165,LOT_DELTA,15.235,15.611,16.239,16.135,0
ISRO_IC_00166,LOT_BETA,11.758,12.211,12.178,12.469,0
ISRO_IC_00167,LOT_ALPHA,9.45,9.957,10.093,10.204,0
ISRO_IC_00168,LOT_ALPHA,9.262,9.82,9.895,10.298,0
ISRO_IC_00169,LOT_GAMMA,9.005,9.544,9.585,9.65,0
ISRO_IC_00170,LOT_GAMMA,8.287,8.759,8.735,8.884,0
ISRO_IC_00171,LOT_ALPHA,10.938,11.428,11.389,11.546,0
ISRO_IC_00172,LOT_BETA,14.402,14.942,15.023,14.973,0
ISRO_IC_00173,LOT_ALPHA,9.63,10.41,10.384,10.712,0
ISRO_IC_00174,LOT_GAMMA,9.756,10.313,10.81,10.776,0
ISRO_IC_00175,LOT_ALPHA,10.846,11.486,11.47,11.66,0
ISRO_IC_00176,LOT_GAMMA,7.638,8.052,8.34,8.013,0
ISRO_IC_00177,LOT_BETA,15.648,16.375,16.449,16.7,0
ISRO_IC_00178,LOT_DELTA,16.572,16.952,17.383,17.419,0
ISRO_IC_00179,LOT_ALPHA,12.123,12.695,12.691,12.873,0
ISRO_IC_00180,LOT_BETA,13.836,14.636,14.802,14.74,0
ISRO_IC_00181,LOT_ALPHA,9.985,10.78,10.873,10.919,0
ISRO_IC_00182,LOT_DELTA,14.803,15.552,15.76,15.98,0
ISRO_IC_00183,LOT_DELTA,13.497,14.243,14.528,14.455,0
ISRO_IC_00184,LOT_ALPHA,9.091,9.323,9.919,9.858,0
ISRO_IC_00185,LOT_GAMMA,9.151,9.438,9.938,9.985,0
ISRO_IC_00186,LOT_DELTA,15.904,16.615,16.609,16.954,0
ISRO_IC_00187,LOT_GAMMA,6.911,7.372,7.409,7.556,0
ISRO_IC_00188,LOT_BETA,12.58,12.994,13.265,13.646,0
ISRO_IC_00189,LOT_ALPHA,11.089,11.39,11.417,11.662,0
ISRO_IC_00190,LOT_ALPHA,11.006,11.485,11.831,12.048,0
ISRO_IC_00191,LOT_DELTA,17.557,18.035,18.111,18.12,0
ISRO_IC_00192,LOT_DELTA,11.632,12.577,12.621,12.691,0
ISRO_IC_00193,LOT_GAMMA,8.633,8.974,9.26,9.442,0
ISRO_IC_00194,LOT_BETA,15.303,18.281,27.842,55.285,2
ISRO_IC_00195,LOT_BETA,13.52,13.971,14.234,14.165,0
ISRO_IC_00196,LOT_GAMMA,8.827,9.392,9.706,9.444,0
ISRO_IC_00197,LOT_DELTA,16.54,17.222,17.144,17.287,0
ISRO_IC_00198,LOT_DELTA,12.118,12.647,12.879,12.846,0
ISRO_IC_00199,LOT_GAMMA,9.057,9.598,9.916,9.936,0
ISRO_IC_00200,LOT_GAMMA,7.013,7.721,7.756,7.746,0
ISRO_IC_00201,LOT_ALPHA,9.717,12.606,21.416,56.549,2
ISRO_IC_00202,LOT_ALPHA,10.177,10.592,10.552,10.735,0
ISRO_IC_00203,LOT_DELTA,15.975,16.463,16.967,17.251,0
ISRO_IC_00204,LOT_GAMMA,9.101,9.779,9.78,9.724,0
ISRO_IC_00205,LOT_ALPHA,11.252,12.205,12.201,12.239,0
ISRO_IC_00206,LOT_ALPHA,8.197,8.721,8.85,9.327,0
ISRO_IC_00207,LOT_GAMMA,8.696,9.143,9.299,9.506,0
ISRO_IC_00208,LOT_ALPHA,11.332,12.046,12.34,12.478,0
ISRO_IC_00209,LOT_ALPHA,9.067,9.568,9.672,10.117,0
ISRO_IC_00210,LOT_BETA,13.444,13.927,14.542,14.394,0
ISRO_IC_00211,LOT_GAMMA,7.376,7.948,7.986,8.091,0
ISRO_IC_00212,LOT_GAMMA,9.42,9.739,9.921,10.018,0
ISRO_IC_00213,LOT_ALPHA,10.365,11.049,11.37,11.524,0
ISRO_IC_00214,LOT_GAMMA,7.376,8.06,8.262,8.417,0
ISRO_IC_00215,LOT_ALPHA,9.568,10.094,10.372,10.314,0
ISRO_IC_00216,LOT_BETA,14.771,15.372,15.53,15.612,0
ISRO_IC_00217,LOT_GAMMA,9.472,11.455,20.48,67.631,2
ISRO_IC_00218,LOT_GAMMA,9.093,9.573,9.642,9.696,0
ISRO_IC_00219,LOT_DELTA,15.015,15.818,15.774,15.682,0
ISRO_IC_00220,LOT_GAMMA,10.064,10.373,10.612,10.638,0
ISRO_IC_00221,LOT_GAMMA,9.03,9.301,9.9,10.069,0
ISRO_IC_00222,LOT_ALPHA,8.005,8.409,8.496,8.431,0
ISRO_IC_00223,LOT_BETA,11.548,12.192,12.366,12.49,0
ISRO_IC_00224,LOT_ALPHA,7.5,7.843,8.171,7.956,0
ISRO_IC_00225,LOT_ALPHA,8.525,9.139,9.465,9.692,0
ISRO_IC_00226,LOT_DELTA,14.751,15.111,15.69,15.67,0
ISRO_IC_00227,LOT_BETA,15.443,15.914,15.964,16.112,0
ISRO_IC_00228,LOT_DELTA,14.369,14.845,15.229,15.258,0
ISRO_IC_00229,LOT_GAMMA,6.704,7.202,7.129,7.684,0
ISRO_IC_00230,LOT_GAMMA,8.952,9.489,9.855,9.656,0
ISRO_IC_00231,LOT_BETA,15.834,16.545,16.514,16.645,0
ISRO_IC_00232,LOT_GAMMA,8.558,9.253,9.194,9.311,0
ISRO_IC_00233,LOT_BETA,15.539,17.89,27.383,72.685,2
ISRO_IC_00234,LOT_ALPHA,33.319,33.851,34.19,34.121,1
ISRO_IC_00235,LOT_GAMMA,8.192,8.575,8.796,9.003,0
ISRO_IC_00236,LOT_ALPHA,8.302,10.971,20.438,62.115,2
ISRO_IC_00237,LOT_ALPHA,11.51,11.805,12.167,12.036,0
ISRO_IC_00238,LOT_GAMMA,7.598,10.206,16.372,60.847,2
ISRO_IC_00239,LOT_ALPHA,10.997,11.573,11.464,11.905,0
ISRO_IC_00240,LOT_DELTA,13.273,14.008,14.314,14.433,0
ISRO_IC_00241,LOT_DELTA,14.161,14.562,15.007,14.894,0
ISRO_IC_00242,LOT_DELTA,12.011,12.957,13.109,13.304,0
ISRO_IC_00243,LOT_BETA,12.127,12.722,13.113,13.117,0
ISRO_IC_00244,LOT_ALPHA,9.819,10.555,10.376,10.632,0
ISRO_IC_00245,LOT_DELTA,13.95,14.392,14.796,14.627,0
ISRO_IC_00246,LOT_BETA,12.868,13.511,13.663,13.922,0
ISRO_IC_00247,LOT_DELTA,16.811,17.334,17.746,17.768,0
ISRO_IC_00248,LOT_DELTA,15.859,16.369,16.316,16.274,0
ISRO_IC_00249,LOT_DELTA,13.438,13.946,13.893,14.093,0
ISRO_IC_00250,LOT_ALPHA,9.864,10.343,10.56,10.493,0
ISRO_IC_00251,LOT_BETA,11.814,12.347,12.53,12.625,0
ISRO_IC_00252,LOT_DELTA,14.221,14.888,14.852,15.117,0
ISRO_IC_00253,LOT_BETA,13.997,14.496,14.67,14.96,0
ISRO_IC_00254,LOT_ALPHA,8.046,8.501,8.79,8.872,0
ISRO_IC_00255,LOT_GAMMA,8.838,8.937,9.21,9.511,0
ISRO_IC_00256,LOT_DELTA,16.287,16.908,16.875,17.039,0
ISRO_IC_00257,LOT_GAMMA,10.098,10.476,10.859,10.76,0
ISRO_IC_00258,LOT_GAMMA,8.817,9.383,9.731,9.856,0
ISRO_IC_00259,LOT_ALPHA,9.02,9.589,9.742,9.938,0
ISRO_IC_00260,LOT_GAMMA,7.873,8.355,8.421,8.927,0
ISRO_IC_00261,LOT_DELTA,13.201,13.712,13.538,13.836,0
ISRO_IC_00262,LOT_ALPHA,9.924,10.449,10.514,10.593,0
ISRO_IC_00263,LOT_BETA,11.297,11.746,11.999,12.046,0
ISRO_IC_00264,LOT_DELTA,13.843,14.217,14.584,14.814,0
ISRO_IC_00265,LOT_GAMMA,8.193,10.159,16.768,50.87,2
ISRO_IC_00266,LOT_GAMMA,8.287,8.577,9.001,8.966,0
ISRO_IC_00267,LOT_GAMMA,8.64,9.309,9.408,9.429,0
ISRO_IC_00268,LOT_BETA,12.54,12.877,13.206,13.138,0
ISRO_IC_00269,LOT_ALPHA,10.137,10.856,10.913,11.053,0
ISRO_IC_00270,LOT_DELTA,13.639,14.129,14.287,14.795,0
ISRO_IC_00271,LOT_DELTA,15.512,15.851,16.389,16.133,0
ISRO_IC_00272,LOT_DELTA,16.562,17.164,17.017,17.188,0
ISRO_IC_00273,LOT_DELTA,14.941,15.535,15.445,15.795,0
ISRO_IC_00274,LOT_BETA,13.911,14.465,14.788,14.736,0
ISRO_IC_00275,LOT_BETA,12.977,13.493,13.719,14.027,0
ISRO_IC_00276,LOT_GAMMA,8.635,9.242,9.708,9.641,0
ISRO_IC_00277,LOT_GAMMA,8.874,9.411,9.624,9.761,0
ISRO_IC_00278,LOT_GAMMA,8.16,8.73,8.962,9.373,0
ISRO_IC_00279,LOT_GAMMA,9.188,9.43,9.471,10.002,0
ISRO_IC_00280,LOT_DELTA,16.125,16.738,16.873,16.774,0
ISRO_IC_00281,LOT_BETA,12.823,13.435,13.506,13.617,0
ISRO_IC_00282,LOT_BETA,13.69,15.99,24.097,47.106,2
ISRO_IC_00283,LOT_ALPHA,11.001,11.4,11.844,11.883,0
ISRO_IC_00284,LOT_GAMMA,6.771,7.052,7.167,7.25,0
ISRO_IC_00285,LOT_ALPHA,11.149,11.547,11.833,11.831,0
ISRO_IC_00286,LOT_BETA,12.597,15.478,25.276,67.885,2
ISRO_IC_00287,LOT_BETA,13.275,14.026,13.811,14.007,0
ISRO_IC_00288,LOT_ALPHA,32.794,33.116,33.729,33.512,1
ISRO_IC_00289,LOT_GAMMA,9.457,12.045,20.965,53.23,2
ISRO_IC_00290,LOT_ALPHA,9.13,9.825,10.012,9.968,0
ISRO_IC_00291,LOT_ALPHA,10.283,12.783,18.382,61.251,2
ISRO_IC_00292,LOT_DELTA,16.678,17.43,17.448,17.489,0
ISRO_IC_00293,LOT_BETA,13.972,14.329,14.638,14.661,0
ISRO_IC_00294,LOT_ALPHA,8.965,9.498,9.621,9.866,0
ISRO_IC_00295,LOT_BETA,11.716,12.201,12.684,12.613,0
ISRO_IC_00296,LOT_GAMMA,10.155,10.524,11.051,11.083,0
ISRO_IC_00297,LOT_ALPHA,10.752,11.3,11.352,11.217,0
ISRO_IC_00298,LOT_GAMMA,9.418,11.297,20.704,53.518,2
ISRO_IC_00299,LOT_ALPHA,10.661,11.157,11.402,11.38,0
ISRO_IC_00300,LOT_ALPHA,10.925,11.736,11.85,11.836,0
ISRO_IC_00301,LOT_BETA,12.785,12.863,13.355,13.359,0
ISRO_IC_00302,LOT_BETA,25.372,25.914,26.001,26.343,1
ISRO_IC_00303,LOT_GAMMA,9.158,11.122,20.85,46.297,2
ISRO_IC_00304,LOT_GAMMA,8.134,8.942,9.047,9.381,0
ISRO_IC_00305,LOT_DELTA,18.336,21.345,30.796,59.825,2
ISRO_IC_00306,LOT_BETA,12.089,12.493,12.93,13.298,0
ISRO_IC_00307,LOT_BETA,14.288,14.943,15.155,14.943,0
ISRO_IC_00308,LOT_GAMMA,8.534,8.958,9.274,9.213,0
ISRO_IC_00309,LOT_ALPHA,10.466,10.981,11.428,11.308,0
ISRO_IC_00310,LOT_BETA,13.512,13.971,14.385,14.442,0
ISRO_IC_00311,LOT_ALPHA,11.02,11.662,11.966,11.972,0
ISRO_IC_00312,LOT_ALPHA,6.307,6.652,7.008,7.085,0
ISRO_IC_00313,LOT_DELTA,15.814,16.173,16.324,16.294,0
ISRO_IC_00314,LOT_DELTA,12.805,13.359,13.572,13.642,0
ISRO_IC_00315,LOT_GAMMA,8.827,9.441,9.658,9.696,0
ISRO_IC_00316,LOT_BETA,12.973,13.48,13.738,13.796,0
ISRO_IC_00317,LOT_ALPHA,10.118,10.927,10.773,10.982,0
ISRO_IC_00318,LOT_ALPHA,11.137,11.48,11.978,12.091,0
ISRO_IC_00319,LOT_ALPHA,9.82,10.455,10.653,10.69,0
ISRO_IC_00320,LOT_BETA,39.774,40.308,40.407,40.766,1
ISRO_IC_00321,LOT_GAMMA,8.11,8.554,8.738,8.727,0
ISRO_IC_00322,LOT_GAMMA,6.813,7.327,7.592,7.748,0
ISRO_IC_00323,LOT_ALPHA,11.325,11.732,11.968,12.138,0
ISRO_IC_00324,LOT_DELTA,13.995,14.449,14.622,14.537,0
ISRO_IC_00325,LOT_GAMMA,7.208,7.984,8.222,8.463,0
ISRO_IC_00326,LOT_GAMMA,8.784,9.157,9.5,9.479,0
ISRO_IC_00327,LOT_GAMMA,10.052,10.306,10.698,10.67,0
ISRO_IC_00328,LOT_BETA,12.774,13.429,13.509,13.656,0
ISRO_IC_00329,LOT_ALPHA,9.121,9.412,9.81,9.874,0
ISRO_IC_00330,LOT_BETA,14.377,14.831,15.252,15.1,0
ISRO_IC_00331,LOT_GAMMA,9.428,9.779,10.116,10.113,0
ISRO_IC_00332,LOT_ALPHA,10.232,10.775,10.909,11.187,0
ISRO_IC_00333,LOT_ALPHA,10.048,10.712,10.664,11.003,0
ISRO_IC_00334,LOT_ALPHA,8.412,8.78,9.357,9.542,0
ISRO_IC_00335,LOT_ALPHA,13.608,14.044,14.313,14.354,0
ISRO_IC_00336,LOT_DELTA,14.343,16.767,23.633,58.457,2
ISRO_IC_00337,LOT_GAMMA,10.437,10.989,11.215,11.129,0
ISRO_IC_00338,LOT_BETA,13.864,14.385,14.454,14.826,0
ISRO_IC_00339,LOT_ALPHA,8.324,8.949,8.957,8.886,0
ISRO_IC_00340,LOT_BETA,13.108,13.975,13.871,13.889,0
ISRO_IC_00341,LOT_BETA,13.907,14.316,14.486,14.55,0
ISRO_IC_00342,LOT_ALPHA,12.148,12.717,12.688,12.738,0
ISRO_IC_00343,LOT_BETA,29.174,29.9,30.251,29.897,1
ISRO_IC_00344,LOT_BETA,12.21,12.577,12.904,12.81,0
ISRO_IC_00345,LOT_GAMMA,7.557,7.85,8.221,8.277,0
ISRO_IC_00346,LOT_GAMMA,9.919,10.534,10.5,10.588,0
ISRO_IC_00347,LOT_ALPHA,9.477,9.821,9.973,10.146,0
ISRO_IC_00348,LOT_BETA,14.005,14.41,14.545,14.898,0
ISRO_IC_00349,LOT_GAMMA,8.064,8.641,8.891,8.735,0
ISRO_IC_00350,LOT_BETA,11.43,12.057,11.737,12.043,0
ISRO_IC_00351,LOT_DELTA,14.636,15.205,15.355,15.514,0
ISRO_IC_00352,LOT_GAMMA,7.386,8.077,8.135,8.351,0
ISRO_IC_00353,LOT_ALPHA,10.123,10.338,10.789,11.016,0
ISRO_IC_00354,LOT_ALPHA,9.217,9.688,10.139,9.934,0
ISRO_IC_00355,LOT_GAMMA,9.255,9.857,10.11,10.172,0
ISRO_IC_00356,LOT_ALPHA,11.078,11.432,11.926,11.811,0
ISRO_IC_00357,LOT_GAMMA,9.927,10.332,10.52,10.517,0
ISRO_IC_00358,LOT_DELTA,12.196,12.727,13.265,13.326,0
ISRO_IC_00359,LOT_GAMMA,7.93,8.39,8.68,8.48,0
ISRO_IC_00360,LOT_BETA,15.843,16.403,16.708,16.933,0
ISRO_IC_00361,LOT_GAMMA,7.611,8.077,8.111,7.987,0
ISRO_IC_00362,LOT_BETA,38.301,38.812,39.02,39.224,1
ISRO_IC_00363,LOT_BETA,12.903,13.401,13.422,13.603,0
ISRO_IC_00364,LOT_DELTA,15.188,15.983,15.87,15.895,0
ISRO_IC_00365,LOT_BETA,13.196,13.811,14.051,13.973,0
ISRO_IC_00366,LOT_DELTA,15.522,16.111,16.316,16.343,0
ISRO_IC_00367,LOT_DELTA,15.224,15.797,15.791,16.074,0
ISRO_IC_00368,LOT_ALPHA,10.456,11.092,11.22,11.38,0
ISRO_IC_00369,LOT_ALPHA,12.138,12.807,13.08,13.225,0
ISRO_IC_00370,LOT_ALPHA,8.855,9.268,9.562,9.455,0
ISRO_IC_00371,LOT_ALPHA,31.637,32.156,32.135,32.261,1
ISRO_IC_00372,LOT_ALPHA,9.964,10.518,10.73,10.582,0
ISRO_IC_00373,LOT_GAMMA,8.747,9.456,9.725,9.7,0
ISRO_IC_00374,LOT_ALPHA,12.596,13.263,13.518,13.661,0
ISRO_IC_00375,LOT_BETA,16.989,17.503,17.756,17.944,0
ISRO_IC_00376,LOT_DELTA,16.714,16.891,16.951,17.173,0
ISRO_IC_00377,LOT_ALPHA,8.403,8.809,8.882,9.162,0
ISRO_IC_00378,LOT_DELTA,16.38,16.549,16.978,17.041,0
ISRO_IC_00379,LOT_ALPHA,11.249,11.944,12.04,12.094,0
ISRO_IC_00380,LOT_ALPHA,10.202,10.852,11.002,11.043,0
ISRO_IC_00381,LOT_GAMMA,8.473,9.202,9.362,9.606,0
ISRO_IC_00382,LOT_GAMMA,11.178,11.937,12.193,12.443,0
ISRO_IC_00383,LOT_DELTA,14.416,15.145,14.952,15.284,0
ISRO_IC_00384,LOT_GAMMA,9.58,9.97,10.303,10.16,0
ISRO_IC_00385,LOT_DELTA,40.661,41.109,41.614,41.658,1
ISRO_IC_00386,LOT_ALPHA,11.608,12.054,12.134,12.289,0
ISRO_IC_00387,LOT_ALPHA,11.937,12.348,12.609,12.686,0
ISRO_IC_00388,LOT_GAMMA,8.715,9.325,9.655,9.677,0
ISRO_IC_00389,LOT_DELTA,15.485,16.119,16.289,16.436,0
ISRO_IC_00390,LOT_DELTA,14.804,15.442,15.605,15.765,0
ISRO_IC_00391,LOT_BETA,11.959,12.44,12.465,12.599,0
ISRO_IC_00392,LOT_BETA,10.879,11.295,11.707,11.554,0
ISRO_IC_00393,LOT_GAMMA,9.208,9.563,9.875,9.918,0
ISRO_IC_00394,LOT_BETA,14.737,15.511,15.636,15.931,0
ISRO_IC_00395,LOT_DELTA,13.764,14.216,14.751,14.687,0
ISRO_IC_00396,LOT_DELTA,14.595,15.077,15.536,15.416,0
ISRO_IC_00397,LOT_BETA,11.763,12.145,12.284,12.012,0
ISRO_IC_00398,LOT_GAMMA,9.844,10.022,10.459,10.739,0
ISRO_IC_00399,LOT_GAMMA,10.788,11.387,11.506,11.43,0
ISRO_IC_00400,LOT_ALPHA,9.523,9.85,10.029,10.174,0
ISRO_IC_00401,LOT_DELTA,14.094,14.52,14.869,14.821,0
ISRO_IC_00402,LOT_BETA,13.652,14.16,14.84,14.753,0
ISRO_IC_00403,LOT_DELTA,12.164,12.846,12.761,12.948,0
ISRO_IC_00404,LOT_BETA,12.946,13.81,13.633,13.735,0
ISRO_IC_00405,LOT_DELTA,17.444,18.015,18.357,18.663,0
ISRO_IC_00406,LOT_BETA,13.297,15.76,21.352,43.707,2
ISRO_IC_00407,LOT_ALPHA,11.391,11.854,11.872,12.288,0
ISRO_IC_00408,LOT_DELTA,12.711,13.049,13.177,13.18,0
ISRO_IC_00409,LOT_ALPHA,12.721,13.511,13.452,13.623,0
ISRO_IC_00410,LOT_BETA,13.411,13.94,14.24,14.285,0
ISRO_IC_00411,LOT_DELTA,13.57,13.805,14.14,14.423,0
ISRO_IC_00412,LOT_DELTA,16.919,17.511,17.812,17.83,0
ISRO_IC_00413,LOT_GAMMA,7.517,9.278,19.239,44.628,2
ISRO_IC_00414,LOT_GAMMA,9.154,9.888,9.991,10.232,0
ISRO_IC_00415,LOT_BETA,10.184,10.632,10.516,10.917,0
ISRO_IC_00416,LOT_ALPHA,9.029,9.661,9.72,9.912,0
ISRO_IC_00417,LOT_BETA,14.194,14.728,15.047,14.841,0
ISRO_IC_00418,LOT_GAMMA,8.044,8.251,8.767,8.453,0
ISRO_IC_00419,LOT_GAMMA,8.438,9.032,9.24,9.567,0
ISRO_IC_00420,LOT_GAMMA,7.91,8.603,8.821,9.306,0
ISRO_IC_00421,LOT_GAMMA,9.122,9.611,9.856,10.288,0
ISRO_IC_00422,LOT_ALPHA,9.356,9.72,9.809,9.806,0
ISRO_IC_00423,LOT_BETA,14.09,14.847,15.121,15.036,0
ISRO_IC_00424,LOT_ALPHA,10.905,11.338,11.402,11.76,0
ISRO_IC_00425,LOT_BETA,14.431,15.047,15.36,15.279,0
ISRO_IC_00426,LOT_BETA,12.232,12.563,12.733,12.992,0
ISRO_IC_00427,LOT_DELTA,14.846,17.381,22.859,68.846,2
ISRO_IC_00428,LOT_BETA,10.774,11.468,11.548,11.663,0
ISRO_IC_00429,LOT_ALPHA,9.996,10.679,10.856,10.904,0
ISRO_IC_00430,LOT_ALPHA,12.757,13.272,13.747,13.737,0
ISRO_IC_00431,LOT_GAMMA,8.451,9.052,9.002,9.224,0
ISRO_IC_00432,LOT_GAMMA,10.053,10.576,10.723,10.85,0
ISRO_IC_00433,LOT_ALPHA,10.074,10.596,10.833,10.931,0
ISRO_IC_00434,LOT_ALPHA,9.182,9.699,9.867,9.949,0
ISRO_IC_00435,LOT_GAMMA,8.829,9.448,9.53,9.7,0
ISRO_IC_00436,LOT_ALPHA,13.258,13.675,13.743,14.061,0
ISRO_IC_00437,LOT_DELTA,18.433,18.754,19.24,19.364,0
ISRO_IC_00438,LOT_GAMMA,37.035,37.292,37.846,37.566,1
ISRO_IC_00439,LOT_ALPHA,10.037,10.473,10.494,10.692,0
ISRO_IC_00440,LOT_ALPHA,10.355,11.147,10.905,11.162,0
ISRO_IC_00441,LOT_DELTA,15.69,16.251,16.317,16.725,0
ISRO_IC_00442,LOT_BETA,13.972,14.483,14.939,15.216,0
ISRO_IC_00443,LOT_BETA,13.449,13.95,14.517,14.55,0
ISRO_IC_00444,LOT_DELTA,13.521,13.723,14.12,14.055,0
ISRO_IC_00445,LOT_DELTA,15.474,16.114,16.14,16.368,0
ISRO_IC_00446,LOT_DELTA,15.133,15.636,15.798,15.994,0
ISRO_IC_00447,LOT_GAMMA,9.28,9.825,10.016,9.984,0
ISRO_IC_00448,LOT_BETA,13.307,13.652,13.882,13.912,0
ISRO_IC_00449,LOT_ALPHA,37.133,37.402,37.751,37.992,1
ISRO_IC_00450,LOT_GAMMA,8.067,8.792,8.775,8.661,0
ISRO_IC_00451,LOT_GAMMA,7.467,7.727,7.905,8.124,0
ISRO_IC_00452,LOT_BETA,14.207,14.776,14.731,15.097,0
ISRO_IC_00453,LOT_DELTA,16.255,16.506,16.642,16.737,0
ISRO_IC_00454,LOT_ALPHA,21.036,21.815,21.934,21.913,1
ISRO_IC_00455,LOT_BETA,12.043,12.615,12.5,12.797,0
ISRO_IC_00456,LOT_ALPHA,8.35,8.804,8.839,9.102,0
ISRO_IC_00457,LOT_BETA,11.916,12.318,12.437,12.51,0
ISRO_IC_00458,LOT_ALPHA,9.823,10.117,10.66,10.97,0
ISRO_IC_00459,LOT_ALPHA,10.528,11.057,11.196,11.198,0
ISRO_IC_00460,LOT_ALPHA,11.029,11.589,11.64,11.687,0
ISRO_IC_00461,LOT_GAMMA,8.909,9.369,9.743,10.067,0
ISRO_IC_00462,LOT_GAMMA,9.188,9.89,10.007,10.028,0
ISRO_IC_00463,LOT_GAMMA,7.971,10.485,20.051,62.794,2
ISRO_IC_00464,LOT_DELTA,16.705,17.195,17.624,17.66,0
ISRO_IC_00465,LOT_BETA,11.787,12.557,12.549,12.735,0
ISRO_IC_00466,LOT_ALPHA,10.36,10.852,10.862,11.356,0
ISRO_IC_00467,LOT_DELTA,14.443,14.983,15.206,15.483,0
ISRO_IC_00468,LOT_ALPHA,30.615,31.306,31.49,31.558,1
ISRO_IC_00469,LOT_DELTA,15.324,15.843,16.135,16.086,0
ISRO_IC_00470,LOT_ALPHA,10.275,11.063,11.137,11.351,0
ISRO_IC_00471,LOT_DELTA,14.213,14.3,15.016,14.778,0
ISRO_IC_00472,LOT_ALPHA,11.923,12.519,12.733,12.673,0
ISRO_IC_00473,LOT_DELTA,14.976,15.442,15.71,15.801,0
ISRO_IC_00474,LOT_BETA,13.67,14.59,14.688,15.033,0
ISRO_IC_00475,LOT_DELTA,15.768,16.406,16.559,16.334,0
ISRO_IC_00476,LOT_ALPHA,9.001,9.52,10.003,10.193,0
ISRO_IC_00477,LOT_GAMMA,8.769,9.427,9.664,10.003,0
ISRO_IC_00478,LOT_DELTA,15.741,16.014,16.403,16.342,0
ISRO_IC_00479,LOT_BETA,12.15,14.042,23.106,48.553,2
ISRO_IC_00480,LOT_GAMMA,8.557,8.951,9.56,9.488,0
ISRO_IC_00481,LOT_GAMMA,8.008,8.466,8.774,8.606,0
ISRO_IC_00482,LOT_BETA,10.924,11.491,11.264,11.756,0
ISRO_IC_00483,LOT_GAMMA,7.639,8.286,8.56,8.513,0
ISRO_IC_00484,LOT_GAMMA,8.071,8.605,8.835,8.952,0
ISRO_IC_00485,LOT_DELTA,13.038,15.61,25.267,62.434,2
ISRO_IC_00486,LOT_ALPHA,12.616,13.165,13.173,13.364,0
ISRO_IC_00487,LOT_ALPHA,7.858,8.382,8.739,9.06,0
ISRO_IC_00488,LOT_DELTA,15.657,15.997,16.184,16.28,0
ISRO_IC_00489,LOT_DELTA,14.438,15.054,15.284,15.363,0
ISRO_IC_00490,LOT_BETA,13.689,14.376,14.562,14.936,0
ISRO_IC_00491,LOT_GAMMA,8.695,9.248,9.213,9.287,0
ISRO_IC_00492,LOT_ALPHA,9.843,10.524,10.819,10.855,0
ISRO_IC_00493,LOT_ALPHA,9.446,10.072,10.184,10.495,0
ISRO_IC_00494,LOT_BETA,13.331,13.843,14.19,14.218,0
ISRO_IC_00495,LOT_BETA,11.276,11.737,11.77,12.084,0
ISRO_IC_00496,LOT_GAMMA,8.716,9.411,9.586,9.537,0
ISRO_IC_00497,LOT_ALPHA,10.107,10.779,11.134,11.081,0
ISRO_IC_00498,LOT_DELTA,15.13,15.595,15.685,15.778,0
ISRO_IC_00499,LOT_DELTA,15.337,15.676,15.874,16.174,0
ISRO_IC_00500,LOT_GAMMA,8.961,9.555,9.661,9.489,0
ISRO_IC_00501,LOT_BETA,15.129,15.638,15.985,15.997,0
ISRO_IC_00502,LOT_BETA,15.16,15.777,15.505,15.866,0
ISRO_IC_00503,LOT_DELTA,14.37,15.108,15.323,15.441,0
ISRO_IC_00504,LOT_GAMMA,8.492,9.021,9.324,9.492,0
ISRO_IC_00505,LOT_ALPHA,11.301,12.089,12.307,12.247,0
ISRO_IC_00506,LOT_DELTA,17.658,18.075,18.312,18.664,0
ISRO_IC_00507,LOT_DELTA,13.877,14.319,14.588,14.829,0
ISRO_IC_00508,LOT_DELTA,15.775,16.393,16.648,16.654,0
ISRO_IC_00509,LOT_GAMMA,9.733,10.329,10.735,10.686,0
ISRO_IC_00510,LOT_GAMMA,7.444,7.999,8.041,8.203,0
ISRO_IC_00511,LOT_BETA,12.807,13.216,13.363,13.511,0
ISRO_IC_00512,LOT_DELTA,15.46,16.037,16.073,16.181,0
ISRO_IC_00513,LOT_DELTA,17.561,18.202,18.489,18.67,0
ISRO_IC_00514,LOT_ALPHA,10.648,11.235,11.163,11.42,0
ISRO_IC_00515,LOT_ALPHA,12.193,12.831,13.005,13.504,0
ISRO_IC_00516,LOT_BETA,12.348,12.799,13.143,13.096,0
ISRO_IC_00517,LOT_DELTA,14.41,15.166,15.357,15.52,0
ISRO_IC_00518,LOT_DELTA,16.143,16.887,17.118,16.889,0
ISRO_IC_00519,LOT_ALPHA,9.432,10.381,10.302,10.707,0
ISRO_IC_00520,LOT_GAMMA,9.135,9.652,9.59,9.633,0
ISRO_IC_00521,LOT_BETA,11.034,11.397,11.588,11.584,0
ISRO_IC_00522,LOT_DELTA,14.27,15.016,14.737,15.063,0
ISRO_IC_00523,LOT_DELTA,14.354,14.937,15.228,15.721,0
ISRO_IC_00524,LOT_DELTA,14.822,15.339,15.568,15.783,0
ISRO_IC_00525,LOT_BETA,11.923,12.222,12.407,12.558,0
ISRO_IC_00526,LOT_BETA,22.154,22.794,22.807,22.716,1
ISRO_IC_00527,LOT_ALPHA,11.221,11.441,11.721,11.8,0
ISRO_IC_00528,LOT_ALPHA,12.258,12.567,13.094,12.918,0
ISRO_IC_00529,LOT_DELTA,15.147,15.742,15.768,15.924,0
ISRO_IC_00530,LOT_DELTA,15.051,15.454,15.92,15.99,0
ISRO_IC_00531,LOT_DELTA,14.011,14.693,15.038,14.948,0
ISRO_IC_00532,LOT_DELTA,14.982,15.617,15.653,15.672,0
ISRO_IC_00533,LOT_GAMMA,9.168,9.72,9.644,9.78,0
ISRO_IC_00534,LOT_GAMMA,9.296,9.664,9.951,10.013,0
ISRO_IC_00535,LOT_DELTA,13.834,14.234,14.252,14.734,0
ISRO_IC_00536,LOT_DELTA,13.987,14.517,14.593,14.905,0
ISRO_IC_00537,LOT_ALPHA,9.422,11.658,18.296,45.753,2
ISRO_IC_00538,LOT_BETA,12.746,13.251,13.615,13.513,0
ISRO_IC_00539,LOT_ALPHA,10.856,11.205,11.34,11.552,0
ISRO_IC_00540,LOT_DELTA,12.358,13.017,13.108,13.226,0
ISRO_IC_00541,LOT_GAMMA,8.434,11.103,18.936,53.201,2
ISRO_IC_00542,LOT_ALPHA,12.126,12.553,12.789,12.745,0
ISRO_IC_00543,LOT_GAMMA,6.971,7.24,7.56,7.525,0
ISRO_IC_00544,LOT_GAMMA,8.096,8.799,9.086,9.188,0
ISRO_IC_00545,LOT_BETA,15.525,15.832,15.957,15.913,0
ISRO_IC_00546,LOT_ALPHA,9.728,10.458,10.39,10.87,0
ISRO_IC_00547,LOT_GAMMA,7.145,7.719,7.788,8.032,0
ISRO_IC_00548,LOT_BETA,11.635,12.249,12.159,12.153,0
ISRO_IC_00549,LOT_GAMMA,8.885,9.697,9.995,9.781,0
ISRO_IC_00550,LOT_BETA,15.063,15.596,15.821,15.981,0
ISRO_IC_00551,LOT_DELTA,14.074,14.722,14.86,15.112,0
ISRO_IC_00552,LOT_GAMMA,10.521,11.243,11.401,11.618,0
ISRO_IC_00553,LOT_GAMMA,10.204,10.529,10.938,10.995,0
ISRO_IC_00554,LOT_DELTA,12.993,13.48,13.758,13.862,0
ISRO_IC_00555,LOT_BETA,14.323,16.562,22.061,51.145,2
ISRO_IC_00556,LOT_ALPHA,11.259,11.943,12.315,12.443,0
ISRO_IC_00557,LOT_ALPHA,9.276,9.759,10.008,10.033,0
ISRO_IC_00558,LOT_GAMMA,8.869,9.674,9.919,9.995,0
ISRO_IC_00559,LOT_GAMMA,41.595,42.496,42.493,42.726,1
ISRO_IC_00560,LOT_GAMMA,8.768,9.253,9.864,9.56,0
ISRO_IC_00561,LOT_ALPHA,9.588,10.212,10.522,10.494,0
ISRO_IC_00562,LOT_ALPHA,8.927,9.444,9.467,9.685,0
ISRO_IC_00563,LOT_ALPHA,10.751,11.223,11.399,11.602,0
ISRO_IC_00564,LOT_BETA,10.3,10.926,11.444,11.477,0
ISRO_IC_00565,LOT_GAMMA,9.215,9.541,9.951,10.057,0
ISRO_IC_00566,LOT_BETA,11.72,12.215,12.765,12.827,0
ISRO_IC_00567,LOT_BETA,13.7,16.084,24.392,61.782,2
ISRO_IC_00568,LOT_DELTA,12.238,12.67,13.187,13.22,0
ISRO_IC_00569,LOT_BETA,12.396,13.03,13.281,13.359,0
ISRO_IC_00570,LOT_BETA,12.42,12.99,13.275,13.287,0
ISRO_IC_00571,LOT_GAMMA,10.133,10.677,11.245,11.277,0
ISRO_IC_00572,LOT_BETA,11.949,12.3,12.641,12.938,0
ISRO_IC_00573,LOT_GAMMA,8.98,9.36,9.612,9.841,0
ISRO_IC_00574,LOT_DELTA,19.357,19.803,20.052,20.024,0
ISRO_IC_00575,LOT_DELTA,16.407,17.073,17.073,17.565,0
ISRO_IC_00576,LOT_ALPHA,17.543,17.974,18.631,18.49,1
ISRO_IC_00577,LOT_DELTA,16.698,17.198,17.386,17.692,0
ISRO_IC_00578,LOT_BETA,12.89,13.427,13.699,13.865,0
ISRO_IC_00579,LOT_ALPHA,25.351,26.137,26.277,26.355,1
ISRO_IC_00580,LOT_BETA,13.581,13.985,14.186,14.421,0
ISRO_IC_00581,LOT_DELTA,15.844,16.15,16.519,16.589,0
ISRO_IC_00582,LOT_BETA,13.508,13.921,14.375,14.028,0
ISRO_IC_00583,LOT_BETA,13.924,14.672,14.977,14.941,0
ISRO_IC_00584,LOT_GAMMA,7.809,8.22,8.639,8.558,0
ISRO_IC_00585,LOT_ALPHA,9.067,9.558,10.163,10.033,0
ISRO_IC_00586,LOT_ALPHA,9.34,9.892,10.259,10.44,0
ISRO_IC_00587,LOT_ALPHA,8.119,8.632,8.985,8.954,0
ISRO_IC_00588,LOT_ALPHA,9.71,10.321,10.515,10.907,0
ISRO_IC_00589,LOT_ALPHA,12.114,12.906,12.731,13.143,0
ISRO_IC_00590,LOT_ALPHA,9.731,10.357,10.668,10.919,0
ISRO_IC_00591,LOT_GAMMA,9.483,12.282,19.886,48.869,2
ISRO_IC_00592,LOT_ALPHA,10.509,11.247,11.557,11.331,0
ISRO_IC_00593,LOT_BETA,11.693,12.32,12.567,12.961,0
ISRO_IC_00594,LOT_DELTA,13.217,13.523,13.913,14.417,0
ISRO_IC_00595,LOT_BETA,13.483,13.746,14.034,14.16,0
ISRO_IC_00596,LOT_GAMMA,7.865,10.747,17.59,64.55,2
ISRO_IC_00597,LOT_ALPHA,12.056,12.683,12.967,13.103,0
ISRO_IC_00598,LOT_ALPHA,9.174,9.722,9.887,9.946,0
ISRO_IC_00599,LOT_ALPHA,9.436,10.07,10.319,10.347,0
ISRO_IC_00600,LOT_ALPHA,9.955,10.691,10.951,11.028,0
ISRO_IC_00601,LOT_ALPHA,10.641,11.091,11.297,11.446,0
ISRO_IC_00602,LOT_ALPHA,10.31,10.933,11.056,11.173,0
ISRO_IC_00603,LOT_ALPHA,9.306,10.044,10.245,10.332,0
ISRO_IC_00604,LOT_ALPHA,10.127,10.721,11.103,10.97,0
ISRO_IC_00605,LOT_BETA,13.107,13.724,14.105,14.104,0
ISRO_IC_00606,LOT_ALPHA,12.086,12.759,12.735,12.88,0
ISRO_IC_00607,LOT_BETA,13.469,13.754,14.198,14.262,0
ISRO_IC_00608,LOT_BETA,15.002,15.595,15.936,15.785,0
ISRO_IC_00609,LOT_GAMMA,8.593,8.86,9.242,9.349,0
ISRO_IC_00610,LOT_ALPHA,9.382,9.895,9.925,10.061,0
ISRO_IC_00611,LOT_GAMMA,7.834,8.536,8.697,8.756,0
ISRO_IC_00612,LOT_GAMMA,8.716,9.024,9.158,9.615,0
ISRO_IC_00613,LOT_ALPHA,10.507,10.886,11.146,11.329,0
ISRO_IC_00614,LOT_DELTA,15.058,15.47,15.634,15.775,0
ISRO_IC_00615,LOT_DELTA,17.353,17.978,18.021,18.536,0
ISRO_IC_00616,LOT_ALPHA,12.7,13.29,13.557,13.91,0
ISRO_IC_00617,LOT_ALPHA,10.181,10.704,10.93,11.041,0
ISRO_IC_00618,LOT_DELTA,15.823,16.444,16.337,16.638,0
ISRO_IC_00619,LOT_GAMMA,6.943,7.567,7.439,7.59,0
ISRO_IC_00620,LOT_ALPHA,10.948,11.466,11.862,11.964,0
ISRO_IC_00621,LOT_ALPHA,8.979,9.599,10.104,9.972,0
ISRO_IC_00622,LOT_BETA,15.598,16.3,16.202,16.499,0
ISRO_IC_00623,LOT_BETA,13.704,14.298,14.542,14.623,0
ISRO_IC_00624,LOT_GAMMA,8.492,8.957,9.081,9.117,0
ISRO_IC_00625,LOT_BETA,13.215,13.775,14.192,14.093,0
ISRO_IC_00626,LOT_BETA,12.266,12.876,13.096,13.304,0
ISRO_IC_00627,LOT_GAMMA,9.167,9.661,9.565,9.873,0
ISRO_IC_00628,LOT_ALPHA,22.61,22.952,22.89,23.324,1
ISRO_IC_00629,LOT_ALPHA,11.357,11.991,12.477,12.102,0
ISRO_IC_00630,LOT_GAMMA,9.504,9.835,10.083,10.125,0
ISRO_IC_00631,LOT_DELTA,14.315,14.875,14.865,15.248,0
ISRO_IC_00632,LOT_BETA,22.694,23.0,23.356,23.273,1
ISRO_IC_00633,LOT_BETA,13.542,14.159,14.322,14.601,0
ISRO_IC_00634,LOT_ALPHA,9.435,10.0,10.094,10.45,0
ISRO_IC_00635,LOT_BETA,15.328,15.809,16.274,16.272,0
ISRO_IC_00636,LOT_BETA,15.136,15.896,16.021,16.169,0
ISRO_IC_00637,LOT_ALPHA,9.038,9.442,9.821,9.838,0
ISRO_IC_00638,LOT_ALPHA,9.782,10.163,10.615,10.507,0
ISRO_IC_00639,LOT_BETA,10.839,11.405,11.508,11.549,0
ISRO_IC_00640,LOT_ALPHA,8.658,9.487,9.483,9.926,0
ISRO_IC_00641,LOT_BETA,40.949,41.678,41.754,42.224,1
ISRO_IC_00642,LOT_ALPHA,12.31,12.873,13.06,13.194,0
ISRO_IC_00643,LOT_BETA,13.027,13.568,13.946,14.155,0
ISRO_IC_00644,LOT_ALPHA,9.909,10.294,10.415,10.559,0
ISRO_IC_00645,LOT_DELTA,14.174,14.954,15.108,15.017,0
ISRO_IC_00646,LOT_GAMMA,9.478,9.985,10.19,10.17,0
ISRO_IC_00647,LOT_GAMMA,8.08,8.574,8.881,8.912,0
ISRO_IC_00648,LOT_GAMMA,7.74,8.354,8.251,8.741,0
ISRO_IC_00649,LOT_BETA,14.88,15.387,15.863,15.928,0
ISRO_IC_00650,LOT_ALPHA,11.318,11.773,12.167,12.188,0
ISRO_IC_00651,LOT_BETA,13.623,13.995,14.154,14.031,0
ISRO_IC_00652,LOT_GAMMA,8.138,8.482,8.716,8.699,0
ISRO_IC_00653,LOT_GAMMA,9.515,10.307,10.428,10.455,0
ISRO_IC_00654,LOT_BETA,14.536,15.308,15.336,15.617,0
ISRO_IC_00655,LOT_ALPHA,8.522,9.015,9.6,9.592,0
ISRO_IC_00656,LOT_ALPHA,25.488,25.843,25.92,26.193,1
ISRO_IC_00657,LOT_BETA,12.193,12.649,12.806,12.864,0
ISRO_IC_00658,LOT_GAMMA,8.938,9.353,9.695,9.545,0
ISRO_IC_00659,LOT_GAMMA,7.79,8.46,8.592,8.61,0
ISRO_IC_00660,LOT_BETA,12.593,12.946,13.199,13.357,0
ISRO_IC_00661,LOT_DELTA,14.913,15.496,15.633,15.852,0
ISRO_IC_00662,LOT_GAMMA,9.306,9.908,10.102,10.105,0
ISRO_IC_00663,LOT_ALPHA,9.943,10.466,10.734,10.769,0
ISRO_IC_00664,LOT_ALPHA,10.451,10.867,10.975,11.061,0
ISRO_IC_00665,LOT_ALPHA,11.777,12.144,12.434,12.505,0
ISRO_IC_00666,LOT_ALPHA,32.742,33.217,33.287,33.401,1
ISRO_IC_00667,LOT_ALPHA,10.459,10.456,11.228,10.991,0
ISRO_IC_00668,LOT_ALPHA,10.379,11.08,10.987,11.113,0
ISRO_IC_00669,LOT_ALPHA,9.317,9.779,10.222,10.263,0
ISRO_IC_00670,LOT_ALPHA,8.433,8.894,9.11,8.945,0
ISRO_IC_00671,LOT_DELTA,16.545,17.179,17.196,17.405,0
ISRO_IC_00672,LOT_ALPHA,11.779,12.161,12.33,12.686,0
ISRO_IC_00673,LOT_BETA,12.88,13.402,13.408,13.999,0
ISRO_IC_00674,LOT_BETA,12.104,12.522,12.886,13.079,0
ISRO_IC_00675,LOT_DELTA,16.734,17.215,17.556,17.471,0
ISRO_IC_00676,LOT_ALPHA,11.709,12.303,12.596,12.667,0
ISRO_IC_00677,LOT_BETA,12.058,12.382,12.678,12.421,0
ISRO_IC_00678,LOT_DELTA,15.535,15.932,16.094,15.763,0
ISRO_IC_00679,LOT_DELTA,13.878,14.235,14.512,14.825,0
ISRO_IC_00680,LOT_DELTA,16.591,17.18,17.238,17.482,0
ISRO_IC_00681,LOT_ALPHA,9.943,10.375,10.775,10.678,0
ISRO_IC_00682,LOT_ALPHA,10.88,11.579,11.696,11.486,0
ISRO_IC_00683,LOT_GAMMA,9.2,9.791,9.817,10.122,0
ISRO_IC_00684,LOT_DELTA,13.781,14.316,14.515,14.626,0
ISRO_IC_00685,LOT_GAMMA,9.099,9.546,9.883,10.055,0
ISRO_IC_00686,LOT_GAMMA,9.969,10.678,10.73,11.065,0
ISRO_IC_00687,LOT_ALPHA,9.871,10.341,10.75,10.854,0
ISRO_IC_00688,LOT_GAMMA,10.273,10.584,10.983,11.05,0
ISRO_IC_00689,LOT_ALPHA,11.897,12.31,12.367,12.482,0
ISRO_IC_00690,LOT_BETA,13.665,13.832,14.49,14.293,0
ISRO_IC_00691,LOT_BETA,13.794,14.437,14.551,14.837,0
ISRO_IC_00692,LOT_BETA,21.853,22.532,22.791,22.695,1
ISRO_IC_00693,LOT_ALPHA,10.296,10.987,11.3,10.951,0
ISRO_IC_00694,LOT_ALPHA,9.506,10.112,10.364,10.333,0
ISRO_IC_00695,LOT_GAMMA,7.521,8.325,8.408,8.388,0
ISRO_IC_00696,LOT_ALPHA,39.111,39.813,39.803,40.014,1
ISRO_IC_00697,LOT_GAMMA,9.534,10.336,10.733,10.668,0
ISRO_IC_00698,LOT_ALPHA,9.949,10.456,10.814,11.23,0
ISRO_IC_00699,LOT_BETA,13.771,14.188,14.341,14.568,0
ISRO_IC_00700,LOT_BETA,13.66,14.009,14.266,14.475,0
ISRO_IC_00701,LOT_ALPHA,8.725,9.294,9.559,9.426,0
ISRO_IC_00702,LOT_BETA,12.333,12.761,12.993,13.029,0
ISRO_IC_00703,LOT_ALPHA,10.671,11.399,11.473,11.49,0
ISRO_IC_00704,LOT_ALPHA,10.371,11.029,11.32,11.444,0
ISRO_IC_00705,LOT_DELTA,14.282,14.976,15.174,15.415,0
ISRO_IC_00706,LOT_BETA,14.848,15.553,15.59,15.661,0
ISRO_IC_00707,LOT_DELTA,15.306,15.811,16.269,16.282,0
ISRO_IC_00708,LOT_ALPHA,10.439,10.924,11.26,11.392,0
ISRO_IC_00709,LOT_GAMMA,8.743,9.205,9.684,9.791,0
ISRO_IC_00710,LOT_GAMMA,7.998,8.596,8.789,8.975,0
ISRO_IC_00711,LOT_GAMMA,10.602,11.256,11.473,11.645,0
ISRO_IC_00712,LOT_BETA,11.812,12.237,12.794,12.669,0
ISRO_IC_00713,LOT_BETA,11.517,11.86,12.196,12.268,0
ISRO_IC_00714,LOT_BETA,11.882,12.542,13.031,12.698,0
ISRO_IC_00715,LOT_DELTA,19.519,20.02,20.175,20.383,0
ISRO_IC_00716,LOT_DELTA,12.888,13.437,13.741,13.916,0
ISRO_IC_00717,LOT_DELTA,16.873,17.207,17.67,17.905,0
ISRO_IC_00718,LOT_ALPHA,8.886,9.194,9.274,9.539,0
ISRO_IC_00719,LOT_GAMMA,9.997,10.447,10.509,10.721,0
ISRO_IC_00720,LOT_DELTA,12.619,12.935,13.389,13.342,0
ISRO_IC_00721,LOT_ALPHA,10.294,10.918,11.277,11.453,0
ISRO_IC_00722,LOT_ALPHA,9.967,10.506,10.561,10.614,0
ISRO_IC_00723,LOT_GAMMA,8.18,8.965,9.399,9.557,0
ISRO_IC_00724,LOT_GAMMA,7.669,8.444,8.406,8.644,0
ISRO_IC_00725,LOT_DELTA,15.502,15.958,16.377,16.696,0
ISRO_IC_00726,LOT_ALPHA,9.991,10.634,10.923,10.816,0
ISRO_IC_00727,LOT_GAMMA,7.025,7.472,7.398,7.69,0
ISRO_IC_00728,LOT_ALPHA,10.653,11.169,11.673,11.698,0
ISRO_IC_00729,LOT_ALPHA,8.643,9.403,9.485,9.466,0
ISRO_IC_00730,LOT_ALPHA,11.687,12.522,12.51,12.57,0
ISRO_IC_00731,LOT_DELTA,13.991,14.76,14.698,14.811,0
ISRO_IC_00732,LOT_GAMMA,9.727,10.297,10.767,10.769,0
ISRO_IC_00733,LOT_BETA,12.583,13.22,13.452,13.805,0
ISRO_IC_00734,LOT_BETA,13.62,13.857,14.206,14.517,0
ISRO_IC_00735,LOT_DELTA,15.381,15.722,16.054,16.184,0
ISRO_IC_00736,LOT_BETA,15.193,15.783,15.952,16.431,0
ISRO_IC_00737,LOT_DELTA,15.523,17.328,24.675,70.715,2
ISRO_IC_00738,LOT_BETA,12.331,12.934,13.149,13.317,0
ISRO_IC_00739,LOT_BETA,13.587,14.046,14.282,14.356,0
ISRO_IC_00740,LOT_BETA,12.882,13.41,13.766,13.677,0
ISRO_IC_00741,LOT_BETA,16.776,17.31,17.473,17.726,0
ISRO_IC_00742,LOT_GAMMA,6.855,7.385,7.452,7.612,0
ISRO_IC_00743,LOT_BETA,12.699,13.363,13.189,13.529,0
ISRO_IC_00744,LOT_ALPHA,11.476,12.167,12.024,12.423,0
ISRO_IC_00745,LOT_DELTA,14.971,15.609,15.659,15.844,0
ISRO_IC_00746,LOT_BETA,14.019,14.635,15.099,15.194,0
ISRO_IC_00747,LOT_BETA,11.287,11.594,11.798,12.005,0
ISRO_IC_00748,LOT_DELTA,13.997,14.411,14.517,14.477,0
ISRO_IC_00749,LOT_GAMMA,8.49,9.173,9.544,9.592,0
ISRO_IC_00750,LOT_ALPHA,8.087,8.737,8.751,8.725,0
ISRO_IC_00751,LOT_DELTA,15.906,16.476,16.509,16.822,0
ISRO_IC_00752,LOT_GAMMA,8.688,9.405,9.492,9.73,0
ISRO_IC_00753,LOT_BETA,11.083,11.394,11.599,11.873,0
ISRO_IC_00754,LOT_ALPHA,10.038,10.566,10.599,10.712,0
ISRO_IC_00755,LOT_GAMMA,8.287,8.898,9.092,9.102,0
ISRO_IC_00756,LOT_GAMMA,8.018,8.567,8.709,9.09,0
ISRO_IC_00757,LOT_BETA,12.981,13.362,13.645,14.017,0
ISRO_IC_00758,LOT_DELTA,14.687,15.241,15.342,15.579,0
ISRO_IC_00759,LOT_GAMMA,8.073,8.482,8.919,8.713,0
ISRO_IC_00760,LOT_ALPHA,10.055,10.741,11.113,11.319,0
ISRO_IC_00761,LOT_BETA,13.86,14.379,14.574,14.504,0
ISRO_IC_00762,LOT_ALPHA,13.094,13.599,13.613,13.821,0
ISRO_IC_00763,LOT_GAMMA,7.466,7.968,8.182,8.092,0
ISRO_IC_00764,LOT_ALPHA,10.377,10.84,11.205,10.986,0
ISRO_IC_00765,LOT_GAMMA,7.896,8.348,8.703,8.843,0
ISRO_IC_00766,LOT_GAMMA,9.053,9.572,9.864,10.194,0
ISRO_IC_00767,LOT_DELTA,14.321,14.827,15.19,15.029,0
ISRO_IC_00768,LOT_BETA,13.152,13.926,14.023,14.377,0
ISRO_IC_00769,LOT_DELTA,12.338,12.888,13.202,13.207,0
ISRO_IC_00770,LOT_ALPHA,10.192,10.848,10.861,11.021,0
ISRO_IC_00771,LOT_DELTA,16.047,16.572,16.779,17.162,0
ISRO_IC_00772,LOT_ALPHA,10.857,11.352,11.71,11.591,0
ISRO_IC_00773,LOT_BETA,16.591,16.991,17.192,17.278,0
ISRO_IC_00774,LOT_GAMMA,8.16,8.787,8.921,9.018,0
ISRO_IC_00775,LOT_ALPHA,11.016,11.609,11.896,11.9,0
ISRO_IC_00776,LOT_ALPHA,9.334,10.106,9.89,10.243,0
ISRO_IC_00777,LOT_GAMMA,8.192,8.772,9.056,9.167,0
ISRO_IC_00778,LOT_GAMMA,8.193,8.612,8.94,8.814,0
ISRO_IC_00779,LOT_GAMMA,8.847,9.431,9.631,9.602,0
ISRO_IC_00780,LOT_GAMMA,10.183,10.572,10.965,11.096,0
ISRO_IC_00781,LOT_BETA,13.443,14.042,14.205,14.18,0
ISRO_IC_00782,LOT_ALPHA,8.121,8.967,8.994,9.053,0
ISRO_IC_00783,LOT_BETA,14.052,14.291,14.628,14.791,0
ISRO_IC_00784,LOT_ALPHA,9.487,10.074,10.205,10.218,0
ISRO_IC_00785,LOT_DELTA,15.939,16.429,16.432,16.646,0
ISRO_IC_00786,LOT_GAMMA,7.664,8.322,8.318,8.308,0
ISRO_IC_00787,LOT_BETA,10.408,10.905,11.179,11.119,0
ISRO_IC_00788,LOT_BETA,14.368,15.192,15.117,15.447,0
ISRO_IC_00789,LOT_DELTA,15.492,16.189,16.381,16.226,0
ISRO_IC_00790,LOT_ALPHA,8.542,9.186,9.356,9.337,0
ISRO_IC_00791,LOT_GAMMA,8.095,8.399,8.678,8.945,0
ISRO_IC_00792,LOT_BETA,14.459,15.208,15.442,15.57,0
ISRO_IC_00793,LOT_GAMMA,9.464,10.064,9.831,10.32,0
ISRO_IC_00794,LOT_ALPHA,10.757,13.56,20.109,67.363,2
ISRO_IC_00795,LOT_DELTA,14.744,15.136,15.319,15.575,0
ISRO_IC_00796,LOT_DELTA,15.24,15.954,16.034,16.135,0
ISRO_IC_00797,LOT_GAMMA,8.934,9.49,10.093,9.767,0
ISRO_IC_00798,LOT_GAMMA,7.009,7.501,7.622,7.813,0
ISRO_IC_00799,LOT_DELTA,15.934,16.566,16.634,16.76,0
ISRO_IC_00800,LOT_GAMMA,10.774,11.299,11.277,11.355,0
ISRO_IC_00801,LOT_ALPHA,10.921,13.435,22.791,64.247,2
ISRO_IC_00802,LOT_GAMMA,9.031,9.613,9.995,9.939,0
ISRO_IC_00803,LOT_GAMMA,7.359,7.905,8.112,8.485,0
ISRO_IC_00804,LOT_BETA,11.389,12.247,12.528,12.48,0
ISRO_IC_00805,LOT_GAMMA,8.913,9.365,9.773,9.63,0
ISRO_IC_00806,LOT_DELTA,12.806,13.568,13.826,13.916,0
ISRO_IC_00807,LOT_DELTA,12.418,13.121,13.344,13.49,0
ISRO_IC_00808,LOT_BETA,13.938,14.465,14.766,14.507,0
ISRO_IC_00809,LOT_ALPHA,12.027,12.833,12.635,13.001,0
ISRO_IC_00810,LOT_DELTA,13.372,13.757,13.972,14.21,0
ISRO_IC_00811,LOT_DELTA,15.519,16.022,16.011,16.268,0
ISRO_IC_00812,LOT_ALPHA,12.026,12.594,12.568,12.797,0
ISRO_IC_00813,LOT_DELTA,14.725,15.645,15.745,15.803,0
ISRO_IC_00814,LOT_DELTA,14.25,14.939,15.04,15.217,0
ISRO_IC_00815,LOT_BETA,14.171,14.63,14.754,14.951,0
ISRO_IC_00816,LOT_GAMMA,7.79,8.287,8.508,8.324,0
ISRO_IC_00817,LOT_BETA,11.624,11.938,12.438,12.407,0
ISRO_IC_00818,LOT_ALPHA,10.859,11.487,11.533,11.533,0
ISRO_IC_00819,LOT_BETA,13.393,13.717,14.029,13.7,0
ISRO_IC_00820,LOT_DELTA,17.288,17.887,18.314,18.325,0
ISRO_IC_00821,LOT_ALPHA,9.894,10.354,10.754,10.691,0
ISRO_IC_00822,LOT_BETA,14.202,14.777,15.012,15.311,0
ISRO_IC_00823,LOT_BETA,12.474,13.107,13.394,13.26,0
ISRO_IC_00824,LOT_BETA,10.428,10.919,11.421,11.247,0
ISRO_IC_00825,LOT_DELTA,13.99,14.452,14.572,14.663,0
ISRO_IC_00826,LOT_BETA,13.507,14.278,14.337,14.676,0
ISRO_IC_00827,LOT_BETA,12.77,13.042,13.088,13.51,0
ISRO_IC_00828,LOT_GAMMA,8.168,8.537,8.656,8.944,0
ISRO_IC_00829,LOT_BETA,12.673,13.202,13.542,13.692,0
ISRO_IC_00830,LOT_ALPHA,11.126,11.629,12.102,12.144,0
ISRO_IC_00831,LOT_BETA,9.595,10.094,10.17,10.314,0
ISRO_IC_00832,LOT_ALPHA,10.207,10.746,11.276,11.391,0
ISRO_IC_00833,LOT_ALPHA,9.235,9.708,9.938,10.012,0
ISRO_IC_00834,LOT_BETA,14.604,15.314,15.433,15.496,0
ISRO_IC_00835,LOT_BETA,12.95,13.607,13.795,14.186,0
ISRO_IC_00836,LOT_DELTA,12.704,13.507,13.565,13.644,0
ISRO_IC_00837,LOT_BETA,13.093,13.639,13.989,14.078,0
ISRO_IC_00838,LOT_GAMMA,8.812,9.434,9.806,9.634,0
ISRO_IC_00839,LOT_GAMMA,8.637,9.28,9.431,9.527,0
ISRO_IC_00840,LOT_ALPHA,8.173,8.647,8.909,8.893,0
ISRO_IC_00841,LOT_GAMMA,8.147,8.677,8.957,9.156,0
ISRO_IC_00842,LOT_ALPHA,9.571,10.173,10.033,10.279,0
ISRO_IC_00843,LOT_DELTA,14.502,15.146,15.224,15.407,0
ISRO_IC_00844,LOT_ALPHA,11.974,12.618,12.644,12.643,0
ISRO_IC_00845,LOT_BETA,14.307,15.318,15.332,15.628,0
ISRO_IC_00846,LOT_ALPHA,9.114,9.719,9.796,10.157,0
ISRO_IC_00847,LOT_DELTA,12.177,12.74,13.144,13.334,0
ISRO_IC_00848,LOT_BETA,15.551,16.049,16.245,16.234,0
ISRO_IC_00849,LOT_GAMMA,9.778,10.193,10.432,10.411,0
ISRO_IC_00850,LOT_ALPHA,10.978,11.395,11.76,11.801,0
ISRO_IC_00851,LOT_GAMMA,10.412,10.81,11.596,11.457,0
ISRO_IC_00852,LOT_ALPHA,9.874,10.493,10.517,10.423,0
ISRO_IC_00853,LOT_DELTA,13.018,13.79,13.971,14.066,0
ISRO_IC_00854,LOT_ALPHA,10.108,10.922,11.018,11.176,0
ISRO_IC_00855,LOT_ALPHA,10.46,11.066,11.252,11.311,0
ISRO_IC_00856,LOT_ALPHA,10.581,11.238,11.403,11.438,0
ISRO_IC_00857,LOT_BETA,14.71,15.302,15.369,15.569,0
ISRO_IC_00858,LOT_GAMMA,8.678,9.417,9.756,9.835,0
ISRO_IC_00859,LOT_ALPHA,7.752,8.48,8.68,8.913,0
ISRO_IC_00860,LOT_GAMMA,9.301,9.957,10.214,9.968,0
ISRO_IC_00861,LOT_BETA,11.899,12.56,12.567,12.769,0
ISRO_IC_00862,LOT_BETA,14.408,15.125,15.362,15.571,0
ISRO_IC_00863,LOT_BETA,15.525,16.083,16.664,16.485,0
ISRO_IC_00864,LOT_BETA,22.687,22.84,23.3,23.295,1
ISRO_IC_00865,LOT_GAMMA,9.38,9.858,10.001,10.163,0
ISRO_IC_00866,LOT_ALPHA,10.505,10.901,10.964,10.994,0
ISRO_IC_00867,LOT_ALPHA,13.674,14.3,14.375,14.538,0
ISRO_IC_00868,LOT_DELTA,15.469,15.723,16.146,16.179,0
ISRO_IC_00869,LOT_DELTA,17.365,17.772,18.187,18.389,0
ISRO_IC_00870,LOT_BETA,16.372,17.013,17.403,17.549,0
ISRO_IC_00871,LOT_ALPHA,8.05,8.66,9.061,9.092,0
ISRO_IC_00872,LOT_GAMMA,8.21,8.91,8.961,9.207,0
ISRO_IC_00873,LOT_BETA,14.86,15.242,15.578,15.625,0
ISRO_IC_00874,LOT_ALPHA,11.317,12.009,12.209,12.578,0
ISRO_IC_00875,LOT_ALPHA,9.333,9.927,10.02,10.308,0
ISRO_IC_00876,LOT_GAMMA,9.842,10.407,10.782,10.607,0
ISRO_IC_00877,LOT_GAMMA,7.716,8.274,8.571,8.531,0
ISRO_IC_00878,LOT_ALPHA,7.874,8.529,8.905,9.03,0
ISRO_IC_00879,LOT_ALPHA,8.926,9.313,9.903,10.006,0
ISRO_IC_00880,LOT_ALPHA,9.302,9.844,10.327,10.191,0
ISRO_IC_00881,LOT_GAMMA,8.02,8.692,9.002,9.174,0
ISRO_IC_00882,LOT_ALPHA,10.293,11.015,11.201,11.401,0
ISRO_IC_00883,LOT_ALPHA,10.733,11.403,11.663,11.687,0
ISRO_IC_00884,LOT_GAMMA,9.595,9.952,10.356,10.232,0
ISRO_IC_00885,LOT_ALPHA,9.779,10.315,10.697,10.723,0
ISRO_IC_00886,LOT_GAMMA,8.309,8.753,9.093,9.401,0
ISRO_IC_00887,LOT_ALPHA,10.123,10.54,10.727,10.882,0
ISRO_IC_00888,LOT_ALPHA,9.651,10.269,10.216,10.292,0
ISRO_IC_00889,LOT_ALPHA,10.034,10.639,10.841,10.981,0
ISRO_IC_00890,LOT_GAMMA,9.066,9.542,9.759,9.944,0
ISRO_IC_00891,LOT_DELTA,15.445,15.786,16.191,16.163,0
ISRO_IC_00892,LOT_DELTA,12.171,12.636,12.866,12.871,0
ISRO_IC_00893,LOT_BETA,14.293,14.724,15.109,15.04,0
ISRO_IC_00894,LOT_GAMMA,10.364,11.141,11.463,11.581,0
ISRO_IC_00895,LOT_ALPHA,10.125,12.298,18.811,56.732,2
ISRO_IC_00896,LOT_ALPHA,9.91,10.496,10.779,10.734,0
ISRO_IC_00897,LOT_DELTA,14.264,14.556,14.736,15.085,0
ISRO_IC_00898,LOT_ALPHA,10.638,11.128,11.19,11.611,0
ISRO_IC_00899,LOT_ALPHA,12.011,12.496,12.663,12.841,0
ISRO_IC_00900,LOT_ALPHA,9.268,9.737,9.715,10.019,0
ISRO_IC_00901,LOT_ALPHA,9.374,9.365,9.961,9.986,0
ISRO_IC_00902,LOT_ALPHA,11.688,14.623,22.638,59.694,2
ISRO_IC_00903,LOT_GAMMA,8.669,9.181,9.274,9.398,0
ISRO_IC_00904,LOT_BETA,13.966,14.476,14.475,14.614,0
ISRO_IC_00905,LOT_DELTA,14.548,15.139,15.288,15.217,0
ISRO_IC_00906,LOT_DELTA,15.737,16.332,16.588,16.633,0
ISRO_IC_00907,LOT_BETA,14.434,16.348,25.958,67.488,2
ISRO_IC_00908,LOT_ALPHA,8.5,9.286,9.316,9.343,0
ISRO_IC_00909,LOT_BETA,12.563,13.244,13.306,13.594,0
ISRO_IC_00910,LOT_GAMMA,8.683,9.053,9.456,9.562,0
ISRO_IC_00911,LOT_ALPHA,8.722,9.217,9.727,9.67,0
ISRO_IC_00912,LOT_GAMMA,8.778,9.477,9.828,10.066,0
ISRO_IC_00913,LOT_BETA,12.066,12.779,12.855,12.955,0
ISRO_IC_00914,LOT_GAMMA,9.864,10.489,10.523,10.764,0
ISRO_IC_00915,LOT_BETA,13.12,13.664,14.144,13.798,0
ISRO_IC_00916,LOT_ALPHA,9.923,10.359,10.428,10.663,0
ISRO_IC_00917,LOT_DELTA,14.657,15.413,15.455,15.694,0
ISRO_IC_00918,LOT_GAMMA,8.904,9.185,9.488,9.596,0
ISRO_IC_00919,LOT_ALPHA,10.25,10.593,11.498,11.122,0
ISRO_IC_00920,LOT_DELTA,16.55,16.967,16.904,17.299,0
ISRO_IC_00921,LOT_BETA,13.43,13.991,14.236,14.35,0
ISRO_IC_00922,LOT_DELTA,14.944,15.423,15.474,15.543,0
ISRO_IC_00923,LOT_GAMMA,9.261,9.835,9.718,9.827,0
ISRO_IC_00924,LOT_BETA,14.436,15.221,15.13,15.342,0
ISRO_IC_00925,LOT_ALPHA,8.888,9.508,9.815,9.912,0
ISRO_IC_00926,LOT_ALPHA,7.901,8.211,8.465,8.85,0
ISRO_IC_00927,LOT_BETA,12.742,13.254,13.412,13.784,0
ISRO_IC_00928,LOT_GAMMA,10.109,10.418,10.68,10.881,0
ISRO_IC_00929,LOT_ALPHA,11.018,11.457,11.594,11.774,0
ISRO_IC_00930,LOT_ALPHA,10.078,10.867,10.892,10.951,0
ISRO_IC_00931,LOT_DELTA,17.328,20.091,28.52,50.985,2
ISRO_IC_00932,LOT_DELTA,17.452,17.959,18.335,18.285,0
ISRO_IC_00933,LOT_BETA,14.987,15.607,16.1,16.127,0
ISRO_IC_00934,LOT_ALPHA,10.109,10.785,10.897,10.916,0
ISRO_IC_00935,LOT_ALPHA,10.866,11.34,11.601,11.755,0
ISRO_IC_00936,LOT_ALPHA,11.543,12.484,12.371,12.652,0
ISRO_IC_00937,LOT_DELTA,14.691,15.409,15.495,15.58,0
ISRO_IC_00938,LOT_ALPHA,17.148,17.625,17.922,18.152,1
ISRO_IC_00939,LOT_GAMMA,16.734,17.294,17.796,17.902,1
ISRO_IC_00940,LOT_ALPHA,9.875,10.511,11.031,11.159,0
ISRO_IC_00941,LOT_GAMMA,8.313,8.951,9.351,9.372,0
ISRO_IC_00942,LOT_GAMMA,7.671,8.25,8.547,8.844,0
ISRO_IC_00943,LOT_DELTA,16.01,18.991,28.019,59.836,2
ISRO_IC_00944,LOT_ALPHA,8.934,10.95,16.117,48.146,2
ISRO_IC_00945,LOT_ALPHA,9.962,10.507,10.684,10.821,0
ISRO_IC_00946,LOT_ALPHA,8.32,8.729,8.789,9.051,0
ISRO_IC_00947,LOT_DELTA,13.497,14.018,14.648,14.793,0
ISRO_IC_00948,LOT_DELTA,13.387,13.791,13.92,14.288,0
ISRO_IC_00949,LOT_GAMMA,10.298,10.662,10.726,10.725,0
ISRO_IC_00950,LOT_GAMMA,9.747,9.902,10.283,10.424,0
ISRO_IC_00951,LOT_GAMMA,7.494,8.114,8.716,8.817,0
ISRO_IC_00952,LOT_ALPHA,9.521,10.273,10.292,10.492,0
ISRO_IC_00953,LOT_DELTA,15.458,15.805,16.071,15.839,0
ISRO_IC_00954,LOT_BETA,31.2,31.617,31.565,31.745,1
ISRO_IC_00955,LOT_BETA,13.42,13.844,14.321,14.496,0
ISRO_IC_00956,LOT_BETA,14.034,14.607,14.639,14.878,0
ISRO_IC_00957,LOT_ALPHA,10.188,10.693,10.806,10.991,0
ISRO_IC_00958,LOT_ALPHA,10.524,10.806,11.104,11.163,0
ISRO_IC_00959,LOT_GAMMA,8.65,9.121,9.364,9.505,0
ISRO_IC_00960,LOT_ALPHA,11.435,11.849,12.189,12.283,0
ISRO_IC_00961,LOT_GAMMA,9.133,9.494,9.642,9.54,0
ISRO_IC_00962,LOT_ALPHA,8.772,9.551,9.755,9.655,0
ISRO_IC_00963,LOT_BETA,11.846,12.349,12.398,12.661,0
ISRO_IC_00964,LOT_ALPHA,10.917,11.522,11.527,11.84,0
ISRO_IC_00965,LOT_BETA,13.629,14.005,14.041,14.155,0
ISRO_IC_00966,LOT_GAMMA,9.467,9.788,9.885,9.902,0
ISRO_IC_00967,LOT_ALPHA,9.776,10.236,10.773,10.998,0
ISRO_IC_00968,LOT_GAMMA,9.245,9.677,10.365,10.41,0
ISRO_IC_00969,LOT_BETA,14.184,14.609,14.671,14.901,0
ISRO_IC_00970,LOT_GAMMA,9.204,9.543,9.803,9.767,0
ISRO_IC_00971,LOT_DELTA,12.668,13.484,13.741,13.946,0
ISRO_IC_00972,LOT_GAMMA,8.23,8.866,8.91,9.178,0
ISRO_IC_00973,LOT_ALPHA,9.95,10.592,10.807,10.739,0
ISRO_IC_00974,LOT_ALPHA,8.803,9.408,9.557,9.804,0
ISRO_IC_00975,LOT_ALPHA,10.947,11.638,11.777,11.994,0
ISRO_IC_00976,LOT_GAMMA,8.922,11.281,20.714,60.152,2
ISRO_IC_00977,LOT_ALPHA,10.87,11.525,11.746,12.043,0
ISRO_IC_00978,LOT_BETA,10.474,11.198,11.383,11.617,0
ISRO_IC_00979,LOT_GAMMA,10.082,10.916,11.132,10.945,0
ISRO_IC_00980,LOT_BETA,13.048,13.839,13.783,14.106,0
ISRO_IC_00981,LOT_GAMMA,8.269,8.745,8.616,9.09,0
ISRO_IC_00982,LOT_ALPHA,9.76,10.202,10.199,10.314,0
ISRO_IC_00983,LOT_ALPHA,16.231,17.121,17.128,17.454,1
ISRO_IC_00984,LOT_GAMMA,9.438,9.804,10.211,10.299,0
ISRO_IC_00985,LOT_BETA,14.001,14.409,14.501,14.71,0
ISRO_IC_00986,LOT_GAMMA,7.837,8.292,8.369,8.647,0
ISRO_IC_00987,LOT_BETA,12.699,13.052,13.309,13.345,0
ISRO_IC_00988,LOT_ALPHA,9.636,10.293,10.804,10.903,0
ISRO_IC_00989,LOT_DELTA,12.265,13.054,13.334,13.497,0
ISRO_IC_00990,LOT_GAMMA,9.599,10.218,10.642,10.703,0
ISRO_IC_00991,LOT_GAMMA,7.561,8.103,8.343,8.488,0
ISRO_IC_00992,LOT_ALPHA,10.453,10.793,11.144,11.168,0
ISRO_IC_00993,LOT_GAMMA,9.802,10.375,10.661,10.844,0
ISRO_IC_00994,LOT_BETA,13.294,13.511,13.931,13.995,0
ISRO_IC_00995,LOT_ALPHA,9.525,10.176,10.313,10.565,0
ISRO_IC_00996,LOT_DELTA,12.9,13.304,13.605,13.474,0
ISRO_IC_00997,LOT_ALPHA,11.017,11.746,11.863,11.98,0
ISRO_IC_00998,LOT_DELTA,15.779,16.251,16.507,16.527,0
ISRO_IC_00999,LOT_BETA,12.53,13.136,13.469,13.361,0
ISRO_IC_01000,LOT_ALPHA,12.499,13.122,13.077,13.389,0
ISRO_IC_01001,LOT_BETA,13.67,14.206,14.504,14.52,0
ISRO_IC_01002,LOT_DELTA,13.017,15.345,23.977,48.461,2
ISRO_IC_01003,LOT_GAMMA,8.988,9.56,9.652,9.716,0
ISRO_IC_01004,LOT_DELTA,16.989,17.688,17.812,18.126,0
ISRO_IC_01005,LOT_GAMMA,8.958,9.559,10.223,10.285,0
ISRO_IC_01006,LOT_GAMMA,8.691,11.562,18.177,52.235,2
ISRO_IC_01007,LOT_DELTA,16.163,16.618,16.851,16.844,0
ISRO_IC_01008,LOT_ALPHA,10.473,11.015,11.295,11.133,0
ISRO_IC_01009,LOT_BETA,13.702,14.209,14.066,14.544,0
ISRO_IC_01010,LOT_ALPHA,11.497,11.949,12.156,12.34,0
ISRO_IC_01011,LOT_DELTA,16.681,17.132,17.297,17.177,0
ISRO_IC_01012,LOT_DELTA,17.758,20.519,27.028,71.065,2
ISRO_IC_01013,LOT_ALPHA,9.322,9.919,10.001,9.974,0
ISRO_IC_01014,LOT_GAMMA,9.505,10.051,10.492,10.408,0
ISRO_IC_01015,LOT_DELTA,37.585,38.445,38.265,38.484,1
ISRO_IC_01016,LOT_ALPHA,10.571,11.557,11.496,11.626,0
ISRO_IC_01017,LOT_GAMMA,7.948,8.476,8.372,8.418,0
ISRO_IC_01018,LOT_DELTA,15.37,16.039,16.328,16.424,0
ISRO_IC_01019,LOT_ALPHA,8.765,9.227,9.259,9.392,0
ISRO_IC_01020,LOT_GAMMA,8.765,9.345,9.528,9.696,0
ISRO_IC_01021,LOT_ALPHA,9.049,9.547,9.721,10.104,0
ISRO_IC_01022,LOT_DELTA,15.509,15.965,16.212,16.487,0
ISRO_IC_01023,LOT_DELTA,15.101,15.63,15.823,16.016,0
ISRO_IC_01024,LOT_DELTA,16.553,17.131,17.289,17.262,0
ISRO_IC_01025,LOT_BETA,16.886,17.211,17.726,17.905,0
ISRO_IC_01026,LOT_DELTA,14.64,17.136,23.713,66.318,2
ISRO_IC_01027,LOT_DELTA,15.58,15.878,16.076,16.218,0
ISRO_IC_01028,LOT_BETA,11.782,14.844,24.76,63.27,2
ISRO_IC_01029,LOT_DELTA,13.912,14.351,14.67,14.671,0
ISRO_IC_01030,LOT_ALPHA,9.956,10.513,10.456,10.279,0
ISRO_IC_01031,LOT_GAMMA,8.634,9.138,9.042,9.286,0
ISRO_IC_01032,LOT_ALPHA,8.579,9.268,9.706,9.766,0
ISRO_IC_01033,LOT_ALPHA,9.958,10.748,11.046,11.286,0
ISRO_IC_01034,LOT_ALPHA,10.384,11.085,11.416,11.394,0
ISRO_IC_01035,LOT_GAMMA,8.359,8.756,8.987,9.256,0
ISRO_IC_01036,LOT_BETA,11.275,11.625,12.108,12.25,0
ISRO_IC_01037,LOT_GAMMA,8.206,8.766,8.755,8.976,0
ISRO_IC_01038,LOT_ALPHA,9.476,10.078,10.394,10.566,0
ISRO_IC_01039,LOT_BETA,13.194,13.569,14.018,14.183,0
ISRO_IC_01040,LOT_BETA,14.886,15.464,15.549,15.44,0
ISRO_IC_01041,LOT_GAMMA,9.709,10.351,10.425,10.885,0
ISRO_IC_01042,LOT_BETA,15.581,16.285,16.223,16.419,0
ISRO_IC_01043,LOT_GAMMA,7.544,7.927,8.114,7.963,0
ISRO_IC_01044,LOT_DELTA,15.617,16.342,16.434,16.719,0
ISRO_IC_01045,LOT_GAMMA,9.117,9.678,9.637,9.755,0
ISRO_IC_01046,LOT_ALPHA,9.175,9.588,10.058,9.849,0
ISRO_IC_01047,LOT_ALPHA,10.601,11.226,11.211,11.38,0
ISRO_IC_01048,LOT_DELTA,15.999,16.559,16.617,16.72,0
ISRO_IC_01049,LOT_ALPHA,10.645,11.35,11.282,11.599,0
ISRO_IC_01050,LOT_DELTA,14.134,14.443,14.707,14.726,0
ISRO_IC_01051,LOT_BETA,11.67,12.222,12.652,12.525,0
ISRO_IC_01052,LOT_DELTA,16.015,16.211,16.708,16.984,0
ISRO_IC_01053,LOT_GAMMA,8.122,8.812,8.846,9.147,0
ISRO_IC_01054,LOT_DELTA,15.746,16.594,16.562,16.942,0
ISRO_IC_01055,LOT_BETA,11.807,11.995,12.595,12.577,0
ISRO_IC_01056,LOT_GAMMA,9.121,9.911,9.995,10.075,0
ISRO_IC_01057,LOT_BETA,13.434,14.143,14.023,14.129,0
ISRO_IC_01058,LOT_BETA,15.26,15.601,16.031,16.075,0
ISRO_IC_01059,LOT_GAMMA,9.351,9.879,9.893,10.122,0
ISRO_IC_01060,LOT_DELTA,15.335,15.749,15.862,16.045,0
ISRO_IC_01061,LOT_DELTA,14.406,14.886,15.24,15.167,0
ISRO_IC_01062,LOT_GAMMA,8.314,8.73,8.963,9.042,0
ISRO_IC_01063,LOT_BETA,14.876,15.323,15.322,15.717,0
ISRO_IC_01064,LOT_BETA,14.623,15.329,15.249,15.348,0
ISRO_IC_01065,LOT_GAMMA,8.251,8.673,8.951,8.984,0
ISRO_IC_01066,LOT_ALPHA,10.037,10.546,10.708,10.649,0
ISRO_IC_01067,LOT_ALPHA,8.989,9.558,9.527,9.607,0
ISRO_IC_01068,LOT_BETA,14.116,14.333,14.782,14.616,0
ISRO_IC_01069,LOT_ALPHA,11.104,11.905,11.955,11.909,0
ISRO_IC_01070,LOT_ALPHA,7.457,8.057,8.399,8.564,0
ISRO_IC_01071,LOT_ALPHA,11.293,11.72,11.89,11.895,0
ISRO_IC_01072,LOT_ALPHA,9.63,10.048,10.266,10.621,0
ISRO_IC_01073,LOT_ALPHA,11.186,13.068,18.462,51.541,2
ISRO_IC_01074,LOT_DELTA,14.291,14.852,15.248,15.31,0
ISRO_IC_01075,LOT_BETA,11.936,12.424,12.712,13.021,0
ISRO_IC_01076,LOT_BETA,14.987,15.821,15.837,16.157,0
ISRO_IC_01077,LOT_GAMMA,9.389,9.962,10.141,10.298,0
ISRO_IC_01078,LOT_ALPHA,9.067,9.827,9.918,10.419,0
ISRO_IC_01079,LOT_DELTA,15.075,15.466,15.763,15.821,0
ISRO_IC_01080,LOT_GAMMA,8.165,8.543,8.861,8.978,0
ISRO_IC_01081,LOT_ALPHA,10.543,11.139,11.157,11.537,0
ISRO_IC_01082,LOT_BETA,16.331,17.017,16.699,16.998,0
ISRO_IC_01083,LOT_DELTA,14.683,15.466,15.49,15.632,0
ISRO_IC_01084,LOT_DELTA,15.407,15.864,15.955,15.846,0
ISRO_IC_01085,LOT_BETA,14.411,15.082,15.118,15.26,0
ISRO_IC_01086,LOT_GAMMA,9.42,9.985,10.211,10.401,0
ISRO_IC_01087,LOT_ALPHA,10.27,10.742,11.128,11.196,0
ISRO_IC_01088,LOT_DELTA,17.425,17.89,18.058,18.084,0
ISRO_IC_01089,LOT_ALPHA,9.71,10.31,10.531,10.787,0
ISRO_IC_01090,LOT_DELTA,27.044,27.633,27.615,27.811,1
ISRO_IC_01091,LOT_GAMMA,8.598,9.383,9.518,9.419,0
ISRO_IC_01092,LOT_GAMMA,10.593,11.034,11.5,11.511,0
ISRO_IC_01093,LOT_BETA,12.309,12.595,12.958,13.002,0
ISRO_IC_01094,LOT_ALPHA,11.122,11.537,11.995,11.941,0
ISRO_IC_01095,LOT_ALPHA,8.582,9.332,9.442,9.928,0
ISRO_IC_01096,LOT_ALPHA,8.549,9.229,9.5,9.396,0
ISRO_IC_01097,LOT_ALPHA,10.582,11.289,11.488,11.9,0
ISRO_IC_01098,LOT_GAMMA,8.062,8.595,8.82,8.868,0
ISRO_IC_01099,LOT_BETA,15.478,15.98,15.956,16.026,0
ISRO_IC_01100,LOT_ALPHA,10.352,10.832,10.972,10.924,0
ISRO_IC_01101,LOT_DELTA,13.925,14.413,14.657,14.73,0
ISRO_IC_01102,LOT_DELTA,16.975,17.551,17.399,17.589,0
ISRO_IC_01103,LOT_DELTA,13.83,14.411,14.514,14.678,0
ISRO_IC_01104,LOT_DELTA,16.907,17.425,17.66,17.713,0
ISRO_IC_01105,LOT_ALPHA,10.8,11.217,11.357,11.473,0
ISRO_IC_01106,LOT_BETA,12.87,13.451,13.764,13.728,0
ISRO_IC_01107,LOT_GAMMA,8.4,9.126,9.246,9.541,0
ISRO_IC_01108,LOT_GAMMA,40.072,40.623,40.794,40.969,1
ISRO_IC_01109,LOT_ALPHA,9.717,11.665,21.287,63.107,2
ISRO_IC_01110,LOT_DELTA,13.178,13.766,13.772,14.085,0
ISRO_IC_01111,LOT_ALPHA,10.568,11.095,11.141,11.279,0
ISRO_IC_01112,LOT_ALPHA,10.795,11.769,11.823,12.231,0
ISRO_IC_01113,LOT_BETA,10.758,11.118,11.441,11.429,0
ISRO_IC_01114,LOT_GAMMA,6.978,7.316,7.797,7.819,0
ISRO_IC_01115,LOT_GAMMA,8.647,9.168,9.568,9.554,0
ISRO_IC_01116,LOT_ALPHA,10.38,11.089,11.226,11.457,0
ISRO_IC_01117,LOT_DELTA,14.619,14.971,15.04,15.045,0
ISRO_IC_01118,LOT_ALPHA,9.429,9.927,10.328,10.617,0
ISRO_IC_01119,LOT_ALPHA,9.707,10.238,10.332,10.6,0
ISRO_IC_01120,LOT_DELTA,14.863,15.264,15.655,15.857,0
ISRO_IC_01121,LOT_DELTA,14.627,15.222,15.272,15.369,0
ISRO_IC_01122,LOT_DELTA,18.613,19.048,19.274,19.349,0
ISRO_IC_01123,LOT_DELTA,11.051,11.685,11.718,12.126,0
ISRO_IC_01124,LOT_GAMMA,9.668,10.538,10.408,10.72,0
ISRO_IC_01125,LOT_GAMMA,10.587,11.094,11.437,11.258,0
ISRO_IC_01126,LOT_ALPHA,10.167,10.591,10.696,10.858,0
ISRO_IC_01127,LOT_BETA,15.097,15.588,15.79,15.849,0
ISRO_IC_01128,LOT_BETA,12.127,13.017,13.394,13.405,0
ISRO_IC_01129,LOT_ALPHA,10.858,11.227,11.786,11.854,0
ISRO_IC_01130,LOT_GAMMA,8.931,9.479,9.622,9.917,0
ISRO_IC_01131,LOT_BETA,14.441,15.2,15.155,15.183,0
ISRO_IC_01132,LOT_ALPHA,11.73,12.516,12.469,12.806,0
ISRO_IC_01133,LOT_ALPHA,12.098,12.348,12.478,12.561,0
ISRO_IC_01134,LOT_GAMMA,9.601,10.125,10.246,10.361,0
ISRO_IC_01135,LOT_ALPHA,9.279,9.862,10.01,10.315,0
ISRO_IC_01136,LOT_DELTA,41.962,42.396,42.359,42.533,1
ISRO_IC_01137,LOT_BETA,15.771,16.245,16.593,16.593,0
ISRO_IC_01138,LOT_BETA,12.719,13.556,13.807,13.809,0
ISRO_IC_01139,LOT_GAMMA,8.844,9.143,9.6,9.597,0
ISRO_IC_01140,LOT_DELTA,14.303,14.961,15.299,15.343,0
ISRO_IC_01141,LOT_BETA,14.569,15.059,15.137,15.286,0
ISRO_IC_01142,LOT_GAMMA,8.47,8.998,9.193,9.476,0
ISRO_IC_01143,LOT_GAMMA,8.907,9.6,9.854,9.937,0
ISRO_IC_01144,LOT_ALPHA,11.346,12.077,12.335,12.5,0
ISRO_IC_01145,LOT_DELTA,14.061,14.432,14.589,14.76,0
ISRO_IC_01146,LOT_GAMMA,8.893,9.4,9.771,9.8,0
ISRO_IC_01147,LOT_GAMMA,10.517,11.132,11.805,11.633,0
ISRO_IC_01148,LOT_DELTA,15.382,15.913,16.319,16.561,0
ISRO_IC_01149,LOT_DELTA,15.158,17.841,24.22,66.93,2
ISRO_IC_01150,LOT_GAMMA,8.33,8.759,8.945,9.189,0
ISRO_IC_01151,LOT_DELTA,17.383,17.887,18.483,18.401,0
ISRO_IC_01152,LOT_GAMMA,9.053,9.807,10.011,10.226,0
ISRO_IC_01153,LOT_GAMMA,9.203,9.827,9.908,10.056,0
ISRO_IC_01154,LOT_GAMMA,9.466,9.687,9.928,9.92,0
ISRO_IC_01155,LOT_GAMMA,8.388,8.833,9.015,9.004,0
ISRO_IC_01156,LOT_ALPHA,9.996,10.526,10.706,10.511,0
ISRO_IC_01157,LOT_DELTA,17.51,18.191,18.528,18.677,0
ISRO_IC_01158,LOT_DELTA,15.089,15.37,15.865,16.011,0
ISRO_IC_01159,LOT_ALPHA,10.258,10.61,10.934,11.23,0
ISRO_IC_01160,LOT_DELTA,15.897,16.414,16.418,16.873,0
ISRO_IC_01161,LOT_ALPHA,9.087,9.757,10.031,10.404,0
ISRO_IC_01162,LOT_BETA,13.561,14.068,14.525,14.404,0
ISRO_IC_01163,LOT_GAMMA,8.153,8.541,8.52,8.847,0
ISRO_IC_01164,LOT_ALPHA,12.707,13.089,13.183,13.354,0
ISRO_IC_01165,LOT_DELTA,12.884,13.243,13.582,13.791,0
ISRO_IC_01166,LOT_DELTA,15.867,16.311,16.715,16.834,0
ISRO_IC_01167,LOT_BETA,13.409,13.773,13.728,13.9,0
ISRO_IC_01168,LOT_ALPHA,10.839,11.512,11.912,12.324,0
ISRO_IC_01169,LOT_ALPHA,12.389,12.857,13.474,13.992,0
ISRO_IC_01170,LOT_GAMMA,9.231,9.891,10.201,10.218,0
ISRO_IC_01171,LOT_DELTA,15.326,15.946,16.226,16.196,0
ISRO_IC_01172,LOT_GAMMA,8.452,8.97,9.148,9.508,0
ISRO_IC_01173,LOT_ALPHA,11.216,11.592,11.871,12.067,0
ISRO_IC_01174,LOT_GAMMA,8.569,9.107,9.267,9.102,0
ISRO_IC_01175,LOT_BETA,15.251,15.908,15.864,15.738,0
ISRO_IC_01176,LOT_GAMMA,8.164,8.551,8.729,8.801,0
ISRO_IC_01177,LOT_ALPHA,10.093,10.705,10.62,10.947,0
ISRO_IC_01178,LOT_GAMMA,10.279,10.854,11.091,11.046,0
ISRO_IC_01179,LOT_BETA,12.784,13.432,13.405,13.683,0
ISRO_IC_01180,LOT_DELTA,17.782,18.491,18.698,18.968,0
ISRO_IC_01181,LOT_BETA,11.358,11.906,12.348,12.635,0
ISRO_IC_01182,LOT_GAMMA,7.387,7.71,8.14,8.076,0
ISRO_IC_01183,LOT_DELTA,13.554,14.054,14.323,14.362,0
ISRO_IC_01184,LOT_ALPHA,12.573,13.082,13.674,13.677,0
ISRO_IC_01185,LOT_DELTA,14.723,15.293,15.518,15.764,0
ISRO_IC_01186,LOT_GAMMA,29.087,29.648,29.677,30.223,1
ISRO_IC_01187,LOT_ALPHA,9.748,10.272,10.466,10.521,0
ISRO_IC_01188,LOT_BETA,12.712,13.189,13.755,13.646,0
ISRO_IC_01189,LOT_GAMMA,8.409,8.992,9.207,9.026,0
ISRO_IC_01190,LOT_ALPHA,8.199,8.931,8.892,8.634,0
ISRO_IC_01191,LOT_GAMMA,8.559,9.284,9.463,9.739,0
ISRO_IC_01192,LOT_BETA,12.535,12.843,13.312,13.099,0
ISRO_IC_01193,LOT_GAMMA,9.047,9.641,9.865,10.115,0
ISRO_IC_01194,LOT_ALPHA,10.241,10.755,11.144,11.178,0
ISRO_IC_01195,LOT_DELTA,14.233,14.923,14.764,15.049,0
ISRO_IC_01196,LOT_DELTA,13.219,15.108,24.553,47.981,2
ISRO_IC_01197,LOT_DELTA,15.693,16.063,16.313,16.262,0
ISRO_IC_01198,LOT_GAMMA,26.229,26.849,26.943,26.966,1
ISRO_IC_01199,LOT_ALPHA,10.639,10.987,11.16,11.338,0
ISRO_IC_01200,LOT_GAMMA,9.102,9.783,10.001,10.156,0
ISRO_IC_01201,LOT_ALPHA,10.517,11.085,11.17,11.249,0
ISRO_IC_01202,LOT_ALPHA,10.401,10.745,11.368,11.29,0
ISRO_IC_01203,LOT_BETA,13.215,13.882,14.0,14.133,0
ISRO_IC_01204,LOT_BETA,24.085,24.864,24.992,25.146,1
ISRO_IC_01205,LOT_GAMMA,8.252,8.841,9.016,9.253,0
ISRO_IC_01206,LOT_GAMMA,7.801,8.548,9.004,8.788,0
ISRO_IC_01207,LOT_BETA,14.335,14.633,15.041,15.011,0
ISRO_IC_01208,LOT_ALPHA,7.94,8.213,8.629,8.521,0
ISRO_IC_01209,LOT_DELTA,16.231,17.952,26.857,74.636,2
ISRO_IC_01210,LOT_BETA,16.249,16.739,16.846,16.988,0
ISRO_IC_01211,LOT_BETA,12.957,13.339,13.929,13.76,0
ISRO_IC_01212,LOT_ALPHA,10.94,11.187,11.625,11.548,0
ISRO_IC_01213,LOT_GAMMA,9.655,10.048,10.634,10.788,0
ISRO_IC_01214,LOT_GAMMA,8.859,10.98,17.33,50.025,2
ISRO_IC_01215,LOT_ALPHA,9.539,9.979,10.233,10.191,0
ISRO_IC_01216,LOT_ALPHA,10.429,10.706,10.917,11.15,0
ISRO_IC_01217,LOT_GAMMA,7.115,7.621,7.783,7.779,0
ISRO_IC_01218,LOT_GAMMA,7.09,7.64,7.897,8.048,0
ISRO_IC_01219,LOT_ALPHA,12.129,12.699,12.917,13.312,0
ISRO_IC_01220,LOT_DELTA,15.267,15.605,15.921,16.045,0
ISRO_IC_01221,LOT_ALPHA,10.411,11.036,10.853,10.878,0
ISRO_IC_01222,LOT_BETA,28.765,29.364,29.394,29.566,1
ISRO_IC_01223,LOT_DELTA,17.391,17.893,18.059,18.16,0
ISRO_IC_01224,LOT_BETA,14.395,14.73,14.898,14.839,0
ISRO_IC_01225,LOT_GAMMA,39.629,40.43,40.266,40.632,1
ISRO_IC_01226,LOT_BETA,11.526,11.955,12.027,12.095,0
ISRO_IC_01227,LOT_ALPHA,11.001,11.482,11.819,11.835,0
ISRO_IC_01228,LOT_DELTA,13.218,13.734,13.95,14.045,0
ISRO_IC_01229,LOT_BETA,12.766,13.164,13.786,13.63,0
ISRO_IC_01230,LOT_DELTA,10.84,11.43,11.631,11.641,0
ISRO_IC_01231,LOT_ALPHA,10.895,13.526,21.089,55.456,2
ISRO_IC_01232,LOT_ALPHA,11.074,11.911,12.022,12.204,0
ISRO_IC_01233,LOT_ALPHA,12.394,12.907,13.101,13.15,0
ISRO_IC_01234,LOT_GAMMA,7.678,7.883,8.122,8.372,0
ISRO_IC_01235,LOT_BETA,15.712,16.403,16.347,16.64,0
ISRO_IC_01236,LOT_DELTA,14.586,15.214,15.654,15.66,0
ISRO_IC_01237,LOT_BETA,10.835,11.507,11.899,12.212,0
ISRO_IC_01238,LOT_DELTA,14.092,14.784,15.132,15.098,0
ISRO_IC_01239,LOT_ALPHA,9.567,10.131,10.242,10.451,0
ISRO_IC_01240,LOT_DELTA,14.84,15.279,15.404,15.486,0
ISRO_IC_01241,LOT_GAMMA,8.796,9.479,9.247,9.559,0
ISRO_IC_01242,LOT_GAMMA,7.796,8.328,8.485,8.574,0
ISRO_IC_01243,LOT_DELTA,17.297,17.764,18.07,17.915,0
ISRO_IC_01244,LOT_GAMMA,8.18,8.85,9.217,9.396,0
ISRO_IC_01245,LOT_GAMMA,7.648,8.238,8.592,8.928,0
ISRO_IC_01246,LOT_ALPHA,9.781,10.362,10.607,10.696,0
ISRO_IC_01247,LOT_ALPHA,9.249,9.719,9.678,9.753,0
ISRO_IC_01248,LOT_DELTA,15.512,15.88,16.254,16.233,0
ISRO_IC_01249,LOT_GAMMA,8.789,9.204,9.452,9.747,0
ISRO_IC_01250,LOT_GAMMA,8.96,9.432,9.88,9.856,0
ISRO_IC_01251,LOT_BETA,14.464,15.264,15.698,15.471,0
ISRO_IC_01252,LOT_ALPHA,10.934,11.657,11.573,11.723,0
ISRO_IC_01253,LOT_ALPHA,9.264,9.715,10.086,10.2,0
ISRO_IC_01254,LOT_GAMMA,8.046,8.559,8.938,9.124,0
ISRO_IC_01255,LOT_BETA,13.458,14.09,14.038,14.232,0
ISRO_IC_01256,LOT_ALPHA,9.455,9.965,10.076,10.21,0
ISRO_IC_01257,LOT_BETA,11.38,11.908,11.924,12.156,0
ISRO_IC_01258,LOT_ALPHA,9.603,10.18,10.341,10.706,0
ISRO_IC_01259,LOT_GAMMA,8.08,8.471,8.503,8.67,0
ISRO_IC_01260,LOT_ALPHA,11.988,12.559,13.254,13.19,0
ISRO_IC_01261,LOT_GAMMA,8.832,9.132,9.285,9.459,0
ISRO_IC_01262,LOT_BETA,12.93,13.651,13.628,13.554,0
ISRO_IC_01263,LOT_BETA,14.462,14.862,14.815,15.299,0
ISRO_IC_01264,LOT_ALPHA,8.971,9.372,9.848,10.009,0
ISRO_IC_01265,LOT_ALPHA,9.491,10.151,10.193,10.511,0
ISRO_IC_01266,LOT_BETA,14.681,15.173,15.026,15.385,0
ISRO_IC_01267,LOT_BETA,13.989,14.533,14.632,14.861,0
ISRO_IC_01268,LOT_GAMMA,9.06,9.559,9.822,9.704,0
ISRO_IC_01269,LOT_ALPHA,10.871,11.457,11.864,11.832,0
ISRO_IC_01270,LOT_GAMMA,7.928,8.572,8.839,8.781,0
ISRO_IC_01271,LOT_DELTA,16.743,17.313,17.415,17.628,0
ISRO_IC_01272,LOT_GAMMA,9.65,10.235,10.531,10.678,0
ISRO_IC_01273,LOT_ALPHA,10.093,10.577,10.539,10.623,0
ISRO_IC_01274,LOT_BETA,11.663,12.045,12.17,12.328,0
ISRO_IC_01275,LOT_ALPHA,24.27,24.863,25.076,25.212,1
ISRO_IC_01276,LOT_ALPHA,9.12,9.665,9.924,9.992,0
ISRO_IC_01277,LOT_DELTA,13.815,14.541,14.308,14.647,0
ISRO_IC_01278,LOT_ALPHA,10.448,10.817,11.09,11.39,0
ISRO_IC_01279,LOT_BETA,13.675,13.927,14.297,14.568,0
ISRO_IC_01280,LOT_GAMMA,9.038,9.793,9.901,10.186,0
ISRO_IC_01281,LOT_GAMMA,8.638,9.163,9.411,9.41,0
ISRO_IC_01282,LOT_GAMMA,9.14,9.779,9.91,9.752,0
ISRO_IC_01283,LOT_ALPHA,10.143,10.722,10.791,11.138,0
ISRO_IC_01284,LOT_BETA,13.407,14.052,14.6,14.389,0
ISRO_IC_01285,LOT_BETA,13.993,14.612,14.743,14.783,0
ISRO_IC_01286,LOT_ALPHA,8.76,9.378,9.257,9.483,0
ISRO_IC_01287,LOT_BETA,12.266,13.015,13.096,13.354,0
ISRO_IC_01288,LOT_ALPHA,11.268,11.825,11.859,12.016,0
ISRO_IC_01289,LOT_ALPHA,9.95,11.667,19.935,51.929,2
ISRO_IC_01290,LOT_BETA,14.745,15.447,15.621,15.574,0
ISRO_IC_01291,LOT_ALPHA,10.443,11.133,11.11,11.827,0
ISRO_IC_01292,LOT_GAMMA,9.242,9.927,10.054,10.318,0
ISRO_IC_01293,LOT_GAMMA,7.624,8.193,8.468,8.438,0
ISRO_IC_01294,LOT_DELTA,13.455,13.975,14.208,14.181,0
ISRO_IC_01295,LOT_ALPHA,9.988,10.405,10.778,10.832,0
ISRO_IC_01296,LOT_ALPHA,10.072,10.707,11.051,11.178,0
ISRO_IC_01297,LOT_ALPHA,10.655,11.317,11.737,11.874,0
ISRO_IC_01298,LOT_GAMMA,7.884,8.343,8.499,8.842,0
ISRO_IC_01299,LOT_GAMMA,9.126,9.713,9.637,9.702,0
ISRO_IC_01300,LOT_ALPHA,9.608,10.192,10.27,10.682,0
ISRO_IC_01301,LOT_DELTA,34.595,35.22,35.46,35.477,1
ISRO_IC_01302,LOT_ALPHA,9.33,9.564,9.648,10.17,0
ISRO_IC_01303,LOT_BETA,13.084,14.82,23.254,60.017,2
ISRO_IC_01304,LOT_GAMMA,9.993,10.419,11.02,10.877,0
ISRO_IC_01305,LOT_DELTA,12.967,15.391,24.755,57.402,2
ISRO_IC_01306,LOT_GAMMA,9.667,10.256,10.372,10.473,0
ISRO_IC_01307,LOT_DELTA,14.176,14.35,14.709,14.809,0
ISRO_IC_01308,LOT_BETA,13.692,14.175,14.542,14.48,0
ISRO_IC_01309,LOT_DELTA,15.246,15.755,15.758,15.967,0
ISRO_IC_01310,LOT_ALPHA,8.052,8.423,8.984,8.86,0
ISRO_IC_01311,LOT_DELTA,13.846,14.509,14.716,14.552,0
ISRO_IC_01312,LOT_BETA,16.997,17.756,18.06,18.084,0
ISRO_IC_01313,LOT_DELTA,18.38,19.065,19.547,19.549,0
ISRO_IC_01314,LOT_BETA,12.587,13.143,13.42,13.822,0
ISRO_IC_01315,LOT_GAMMA,10.752,11.189,11.6,11.641,0
ISRO_IC_01316,LOT_BETA,11.023,11.681,11.66,11.762,0
ISRO_IC_01317,LOT_GAMMA,10.18,10.79,11.144,11.157,0
ISRO_IC_01318,LOT_ALPHA,10.682,11.294,11.441,11.639,0
ISRO_IC_01319,LOT_ALPHA,11.617,12.29,12.347,12.583,0
ISRO_IC_01320,LOT_ALPHA,9.882,10.271,10.434,10.749,0
ISRO_IC_01321,LOT_ALPHA,10.142,10.927,11.161,11.114,0
ISRO_IC_01322,LOT_DELTA,18.139,18.715,18.904,19.027,0
ISRO_IC_01323,LOT_ALPHA,9.368,9.816,9.928,9.921,0
ISRO_IC_01324,LOT_DELTA,14.696,15.165,15.46,15.512,0
ISRO_IC_01325,LOT_BETA,11.632,12.101,12.279,12.344,0
ISRO_IC_01326,LOT_ALPHA,9.397,10.098,10.102,10.176,0
ISRO_IC_01327,LOT_GAMMA,9.145,9.593,9.763,9.918,0
ISRO_IC_01328,LOT_GAMMA,8.833,9.297,9.604,9.742,0
ISRO_IC_01329,LOT_BETA,12.019,12.472,12.93,13.092,0
ISRO_IC_01330,LOT_GAMMA,8.543,9.146,9.621,9.738,0
ISRO_IC_01331,LOT_GAMMA,8.499,8.906,9.139,9.295,0
ISRO_IC_01332,LOT_ALPHA,10.151,10.758,11.061,11.086,0
ISRO_IC_01333,LOT_DELTA,14.967,15.71,16.022,16.276,0
ISRO_IC_01334,LOT_DELTA,16.27,16.916,17.193,17.156,0
ISRO_IC_01335,LOT_GAMMA,9.762,10.005,10.496,10.551,0
ISRO_IC_01336,LOT_ALPHA,37.485,38.105,38.241,38.435,1
ISRO_IC_01337,LOT_GAMMA,9.007,9.461,9.754,9.811,0
ISRO_IC_01338,LOT_ALPHA,16.122,16.897,17.054,17.34,1
ISRO_IC_01339,LOT_ALPHA,7.982,8.692,8.731,9.194,0
ISRO_IC_01340,LOT_ALPHA,11.037,11.922,12.038,12.115,0
ISRO_IC_01341,LOT_BETA,12.364,13.021,13.225,13.595,0
ISRO_IC_01342,LOT_DELTA,13.58,13.966,14.208,14.329,0
ISRO_IC_01343,LOT_GAMMA,8.587,9.304,9.399,9.912,0
ISRO_IC_01344,LOT_GAMMA,8.587,9.317,9.515,9.835,0
ISRO_IC_01345,LOT_BETA,13.916,14.416,14.474,14.529,0
ISRO_IC_01346,LOT_BETA,14.595,16.688,23.248,68.803,2
ISRO_IC_01347,LOT_BETA,11.567,12.357,12.72,12.555,0
ISRO_IC_01348,LOT_DELTA,13.665,13.999,14.246,14.311,0
ISRO_IC_01349,LOT_ALPHA,10.025,10.372,10.576,10.624,0
ISRO_IC_01350,LOT_DELTA,15.608,16.082,16.054,16.395,0
ISRO_IC_01351,LOT_GAMMA,8.517,9.184,9.236,9.313,0
ISRO_IC_01352,LOT_BETA,13.548,13.864,14.058,14.272,0
ISRO_IC_01353,LOT_GAMMA,39.988,40.583,40.959,41.02,1
ISRO_IC_01354,LOT_BETA,11.571,12.079,12.174,12.437,0
ISRO_IC_01355,LOT_DELTA,14.472,15.205,15.366,15.584,0
ISRO_IC_01356,LOT_DELTA,12.314,13.01,12.769,13.401,0
ISRO_IC_01357,LOT_BETA,13.405,13.912,13.986,13.982,0
ISRO_IC_01358,LOT_ALPHA,8.872,9.317,9.377,9.708,0
ISRO_IC_01359,LOT_GAMMA,6.845,7.263,7.78,7.814,0
ISRO_IC_01360,LOT_DELTA,14.2,14.798,14.707,15.375,0
ISRO_IC_01361,LOT_ALPHA,10.676,11.092,11.193,11.35,0
ISRO_IC_01362,LOT_GAMMA,9.942,10.461,10.704,10.631,0
ISRO_IC_01363,LOT_GAMMA,8.485,9.109,9.54,9.429,0
ISRO_IC_01364,LOT_GAMMA,8.863,9.307,9.419,9.748,0
ISRO_IC_01365,LOT_ALPHA,9.749,10.348,10.42,10.735,0
ISRO_IC_01366,LOT_GAMMA,8.426,9.076,9.839,9.629,0
ISRO_IC_01367,LOT_DELTA,14.661,15.21,15.441,15.523,0
ISRO_IC_01368,LOT_ALPHA,12.726,13.365,13.637,13.68,0
ISRO_IC_01369,LOT_ALPHA,12.266,13.035,13.029,13.325,0
ISRO_IC_01370,LOT_DELTA,14.97,15.433,15.741,15.461,0
ISRO_IC_01371,LOT_ALPHA,10.42,10.832,11.182,11.32,0
ISRO_IC_01372,LOT_DELTA,17.567,18.181,18.043,18.269,0
ISRO_IC_01373,LOT_BETA,16.556,17.368,17.564,17.744,0
ISRO_IC_01374,LOT_ALPHA,9.823,10.265,10.747,10.601,0
ISRO_IC_01375,LOT_DELTA,16.142,16.793,17.076,16.957,0
ISRO_IC_01376,LOT_BETA,14.458,15.125,15.666,15.575,0
ISRO_IC_01377,LOT_BETA,13.654,14.397,14.411,14.405,0
ISRO_IC_01378,LOT_BETA,10.053,10.576,10.894,10.873,0
ISRO_IC_01379,LOT_GAMMA,10.084,10.761,10.963,11.072,0
ISRO_IC_01380,LOT_ALPHA,9.087,9.908,10.047,10.33,0
ISRO_IC_01381,LOT_BETA,12.764,13.214,13.443,13.435,0
ISRO_IC_01382,LOT_DELTA,14.211,16.083,23.788,60.703,2
ISRO_IC_01383,LOT_ALPHA,10.214,10.863,10.901,11.065,0
ISRO_IC_01384,LOT_GAMMA,7.13,7.686,7.731,7.75,0
ISRO_IC_01385,LOT_BETA,33.041,33.477,33.567,33.694,1
ISRO_IC_01386,LOT_GAMMA,9.8,10.46,10.92,10.928,0
ISRO_IC_01387,LOT_ALPHA,9.877,10.371,10.735,10.721,0
ISRO_IC_01388,LOT_DELTA,11.344,11.858,11.84,11.807,0
ISRO_IC_01389,LOT_BETA,15.559,16.359,16.514,16.558,0
ISRO_IC_01390,LOT_ALPHA,9.763,10.425,10.505,10.544,0
ISRO_IC_01391,LOT_ALPHA,7.892,8.513,8.874,9.003,0
ISRO_IC_01392,LOT_ALPHA,10.259,10.829,10.993,10.964,0
ISRO_IC_01393,LOT_BETA,16.445,16.999,17.396,17.524,0
ISRO_IC_01394,LOT_BETA,14.595,14.978,15.396,15.367,0
ISRO_IC_01395,LOT_DELTA,16.304,16.524,16.958,17.043,0
ISRO_IC_01396,LOT_BETA,14.858,15.534,15.271,15.896,0
ISRO_IC_01397,LOT_ALPHA,8.597,8.859,9.34,9.319,0
ISRO_IC_01398,LOT_GAMMA,7.433,7.977,8.202,8.088,0
ISRO_IC_01399,LOT_GAMMA,10.04,10.834,10.811,10.786,0
ISRO_IC_01400,LOT_ALPHA,8.49,8.917,9.17,9.198,0
ISRO_IC_01401,LOT_ALPHA,9.482,10.017,10.499,10.494,0
ISRO_IC_01402,LOT_ALPHA,10.347,11.008,11.246,11.255,0
ISRO_IC_01403,LOT_GAMMA,7.543,8.287,8.649,8.515,0
ISRO_IC_01404,LOT_GAMMA,9.501,10.142,10.289,10.277,0
ISRO_IC_01405,LOT_BETA,13.125,13.431,13.704,13.606,0
ISRO_IC_01406,LOT_DELTA,12.89,13.507,13.835,13.999,0
ISRO_IC_01407,LOT_DELTA,15.737,16.209,16.197,16.164,0
ISRO_IC_01408,LOT_GAMMA,7.885,8.556,8.839,8.792,0
ISRO_IC_01409,LOT_DELTA,14.887,15.454,15.541,15.594,0
ISRO_IC_01410,LOT_ALPHA,9.951,10.42,10.361,10.508,0
ISRO_IC_01411,LOT_ALPHA,11.69,12.156,12.301,12.599,0
ISRO_IC_01412,LOT_ALPHA,10.536,11.122,11.253,11.564,0
ISRO_IC_01413,LOT_ALPHA,9.343,12.297,21.902,57.815,2
ISRO_IC_01414,LOT_BETA,11.067,13.093,20.256,45.56,2
ISRO_IC_01415,LOT_DELTA,15.137,15.615,15.877,15.965,0
ISRO_IC_01416,LOT_ALPHA,11.353,11.927,12.175,12.22,0
ISRO_IC_01417,LOT_ALPHA,9.778,10.182,10.334,10.762,0
ISRO_IC_01418,LOT_BETA,11.056,11.632,11.516,11.901,0
ISRO_IC_01419,LOT_DELTA,15.531,16.194,16.161,16.646,0
ISRO_IC_01420,LOT_BETA,21.226,21.802,21.775,22.03,1
ISRO_IC_01421,LOT_BETA,15.921,16.427,16.814,16.959,0
ISRO_IC_01422,LOT_ALPHA,10.279,10.722,11.096,11.161,0
ISRO_IC_01423,LOT_ALPHA,9.309,9.821,10.185,10.533,0
ISRO_IC_01424,LOT_DELTA,16.033,19.096,26.996,55.17,2
ISRO_IC_01425,LOT_DELTA,16.126,16.539,16.961,17.039,0
ISRO_IC_01426,LOT_ALPHA,9.84,10.35,10.674,10.49,0
ISRO_IC_01427,LOT_DELTA,13.675,14.363,14.439,14.567,0
ISRO_IC_01428,LOT_GAMMA,9.879,10.298,10.736,10.685,0
ISRO_IC_01429,LOT_DELTA,15.321,15.919,16.425,16.449,0
ISRO_IC_01430,LOT_BETA,40.784,41.07,41.579,41.591,1
ISRO_IC_01431,LOT_BETA,12.711,13.064,13.538,13.71,0
ISRO_IC_01432,LOT_BETA,14.09,14.582,14.933,14.946,0
ISRO_IC_01433,LOT_GAMMA,8.74,9.167,9.939,9.873,0
ISRO_IC_01434,LOT_ALPHA,10.649,10.996,11.249,11.323,0
ISRO_IC_01435,LOT_ALPHA,10.529,10.861,11.064,11.199,0
ISRO_IC_01436,LOT_BETA,13.557,14.031,14.06,14.068,0
ISRO_IC_01437,LOT_GAMMA,8.476,9.175,9.038,9.13,0
ISRO_IC_01438,LOT_ALPHA,9.836,10.412,10.655,10.531,0
ISRO_IC_01439,LOT_GAMMA,6.758,7.203,7.607,7.437,0
ISRO_IC_01440,LOT_DELTA,13.897,14.339,14.51,14.533,0
ISRO_IC_01441,LOT_ALPHA,8.986,9.672,9.994,10.012,0
ISRO_IC_01442,LOT_GAMMA,9.443,9.893,9.966,10.121,0
ISRO_IC_01443,LOT_BETA,16.916,17.371,17.426,17.822,0
ISRO_IC_01444,LOT_DELTA,14.361,14.997,15.092,15.299,0
ISRO_IC_01445,LOT_ALPHA,11.071,11.68,11.991,12.435,0
ISRO_IC_01446,LOT_GAMMA,9.686,10.386,10.589,10.65,0
ISRO_IC_01447,LOT_DELTA,18.228,18.706,18.795,18.849,0
ISRO_IC_01448,LOT_DELTA,17.039,17.252,17.663,17.808,0
ISRO_IC_01449,LOT_GAMMA,10.046,10.489,10.474,10.768,0
ISRO_IC_01450,LOT_BETA,13.525,13.988,14.051,14.239,0
ISRO_IC_01451,LOT_GAMMA,8.87,9.462,9.495,9.212,0
ISRO_IC_01452,LOT_DELTA,15.42,17.599,23.814,52.277,2
ISRO_IC_01453,LOT_GAMMA,7.495,8.293,8.358,8.083,0
ISRO_IC_01454,LOT_ALPHA,11.172,11.77,11.735,11.813,0
ISRO_IC_01455,LOT_DELTA,15.6,16.195,16.282,16.383,0
ISRO_IC_01456,LOT_GAMMA,28.284,28.782,28.997,28.982,1
ISRO_IC_01457,LOT_GAMMA,8.434,9.023,9.511,9.483,0
ISRO_IC_01458,LOT_ALPHA,10.12,10.633,10.834,10.548,0
ISRO_IC_01459,LOT_GAMMA,8.505,9.192,9.548,9.612,0
ISRO_IC_01460,LOT_BETA,12.985,13.527,13.71,13.995,0
ISRO_IC_01461,LOT_GAMMA,8.817,9.23,9.576,9.632,0
ISRO_IC_01462,LOT_ALPHA,9.544,10.257,10.58,10.662,0
ISRO_IC_01463,LOT_GAMMA,7.785,8.627,8.585,8.492,0
ISRO_IC_01464,LOT_DELTA,14.801,15.189,15.518,15.359,0
ISRO_IC_01465,LOT_ALPHA,9.912,10.16,10.7,10.762,0
ISRO_IC_01466,LOT_DELTA,14.843,15.522,15.755,15.846,0
ISRO_IC_01467,LOT_BETA,14.925,15.494,15.945,15.873,0
ISRO_IC_01468,LOT_DELTA,14.731,15.318,15.498,15.64,0
ISRO_IC_01469,LOT_GAMMA,8.281,8.644,9.057,9.081,0
ISRO_IC_01470,LOT_GAMMA,9.112,11.663,19.594,61.945,2
ISRO_IC_01471,LOT_GAMMA,8.497,9.012,9.26,9.55,0
ISRO_IC_01472,LOT_DELTA,16.206,16.615,16.928,17.068,0
ISRO_IC_01473,LOT_BETA,14.431,15.004,15.063,15.418,0
ISRO_IC_01474,LOT_BETA,12.882,13.315,13.666,13.437,0
ISRO_IC_01475,LOT_GAMMA,9.115,9.887,9.762,9.838,0
ISRO_IC_01476,LOT_DELTA,16.152,16.763,17.126,17.26,0
ISRO_IC_01477,LOT_GAMMA,8.498,8.85,8.986,8.9,0
ISRO_IC_01478,LOT_GAMMA,8.45,8.981,9.302,9.551,0
ISRO_IC_01479,LOT_BETA,14.121,14.801,15.048,15.077,0
ISRO_IC_01480,LOT_DELTA,16.108,16.5,16.846,16.604,0
ISRO_IC_01481,LOT_ALPHA,9.068,9.819,10.131,10.104,0
ISRO_IC_01482,LOT_BETA,13.207,13.805,13.826,13.937,0
ISRO_IC_01483,LOT_ALPHA,8.929,9.56,9.679,9.907,0
ISRO_IC_01484,LOT_BETA,11.952,12.461,12.405,12.634,0
ISRO_IC_01485,LOT_BETA,34.731,35.073,35.423,35.6,1
ISRO_IC_01486,LOT_BETA,12.577,13.208,13.437,13.526,0
ISRO_IC_01487,LOT_GAMMA,10.203,10.747,10.811,10.904,0
ISRO_IC_01488,LOT_BETA,17.034,17.581,17.491,17.777,0
ISRO_IC_01489,LOT_BETA,10.718,11.133,11.422,11.551,0
ISRO_IC_01490,LOT_ALPHA,10.085,10.49,10.903,11.163,0
ISRO_IC_01491,LOT_BETA,14.073,14.493,14.77,14.93,0
ISRO_IC_01492,LOT_ALPHA,10.487,11.246,11.367,11.622,0
ISRO_IC_01493,LOT_ALPHA,9.267,9.883,9.971,10.311,0
ISRO_IC_01494,LOT_GAMMA,10.133,10.877,11.232,11.097,0
ISRO_IC_01495,LOT_GAMMA,7.553,8.091,8.443,8.348,0
ISRO_IC_01496,LOT_GAMMA,8.466,8.899,9.113,9.226,0
ISRO_IC_01497,LOT_BETA,14.282,14.899,15.134,15.516,0
ISRO_IC_01498,LOT_BETA,11.598,12.096,12.367,12.51,0
ISRO_IC_01499,LOT_DELTA,13.623,14.005,14.436,14.142,0
ISRO_IC_01500,LOT_BETA,14.907,15.357,15.651,15.767,0
ISRO_IC_01501,LOT_BETA,15.687,16.469,16.35,16.356,0
ISRO_IC_01502,LOT_ALPHA,11.219,11.623,11.806,12.04,0
ISRO_IC_01503,LOT_BETA,14.643,15.326,15.144,15.464,0
ISRO_IC_01504,LOT_BETA,15.057,15.723,15.943,16.316,0
ISRO_IC_01505,LOT_BETA,12.653,13.165,13.001,13.34,0
ISRO_IC_01506,LOT_GAMMA,8.655,9.173,9.557,9.752,0
ISRO_IC_01507,LOT_BETA,13.883,14.285,14.738,14.869,0
ISRO_IC_01508,LOT_GAMMA,8.674,9.201,9.271,9.33,0
ISRO_IC_01509,LOT_GAMMA,8.384,8.6,9.013,9.129,0
ISRO_IC_01510,LOT_DELTA,16.565,17.116,17.014,17.257,0
ISRO_IC_01511,LOT_GAMMA,9.004,9.604,9.782,9.941,0
ISRO_IC_01512,LOT_DELTA,16.091,16.815,17.127,17.106,0
ISRO_IC_01513,LOT_ALPHA,9.278,9.737,10.339,10.283,0
ISRO_IC_01514,LOT_ALPHA,11.486,12.122,12.201,12.537,0
ISRO_IC_01515,LOT_ALPHA,11.245,11.867,11.888,11.838,0
ISRO_IC_01516,LOT_GAMMA,8.471,8.964,9.2,9.302,0
ISRO_IC_01517,LOT_DELTA,11.231,11.694,12.135,12.246,0
ISRO_IC_01518,LOT_ALPHA,9.778,10.107,10.19,10.434,0
ISRO_IC_01519,LOT_DELTA,13.527,14.2,14.288,14.346,0
ISRO_IC_01520,LOT_ALPHA,9.488,9.965,10.31,10.365,0
ISRO_IC_01521,LOT_DELTA,14.206,14.722,15.069,15.082,0
ISRO_IC_01522,LOT_BETA,14.229,14.884,15.35,15.223,0
ISRO_IC_01523,LOT_ALPHA,9.922,10.55,10.748,10.827,0
ISRO_IC_01524,LOT_BETA,13.913,14.349,14.466,14.675,0
ISRO_IC_01525,LOT_ALPHA,10.391,10.848,11.347,11.79,0
ISRO_IC_01526,LOT_ALPHA,9.449,9.857,10.007,9.949,0
ISRO_IC_01527,LOT_BETA,12.735,13.293,13.694,13.558,0
ISRO_IC_01528,LOT_DELTA,13.887,14.42,14.836,14.692,0
ISRO_IC_01529,LOT_BETA,11.641,12.241,12.567,12.824,0
ISRO_IC_01530,LOT_BETA,10.318,10.824,10.925,10.912,0
ISRO_IC_01531,LOT_GAMMA,10.231,10.835,11.393,11.342,0
ISRO_IC_01532,LOT_GAMMA,8.315,8.704,8.957,8.841,0
ISRO_IC_01533,LOT_ALPHA,9.15,11.932,18.266,43.309,2
ISRO_IC_01534,LOT_BETA,11.343,11.75,11.6,11.929,0
ISRO_IC_01535,LOT_ALPHA,8.962,11.066,17.922,42.436,2
ISRO_IC_01536,LOT_ALPHA,10.54,13.638,21.852,44.715,2
ISRO_IC_01537,LOT_GAMMA,8.609,9.093,9.533,9.73,0
ISRO_IC_01538,LOT_ALPHA,8.883,9.221,9.388,9.459,0
ISRO_IC_01539,LOT_BETA,13.229,13.738,13.858,14.099,0
ISRO_IC_01540,LOT_GAMMA,7.847,8.065,8.325,8.567,0
ISRO_IC_01541,LOT_ALPHA,9.884,10.196,10.639,10.695,0
ISRO_IC_01542,LOT_GAMMA,9.688,10.322,10.527,10.481,0
ISRO_IC_01543,LOT_ALPHA,10.359,10.609,11.014,11.066,0
ISRO_IC_01544,LOT_DELTA,14.515,15.016,15.13,15.367,0
ISRO_IC_01545,LOT_BETA,13.705,14.325,14.693,14.704,0
ISRO_IC_01546,LOT_DELTA,15.755,16.388,16.417,16.346,0
ISRO_IC_01547,LOT_GAMMA,9.181,9.545,9.878,9.884,0
ISRO_IC_01548,LOT_ALPHA,10.512,10.978,11.258,11.281,0
ISRO_IC_01549,LOT_GAMMA,8.79,9.537,9.579,9.763,0
ISRO_IC_01550,LOT_DELTA,21.814,22.261,22.742,22.744,1
ISRO_IC_01551,LOT_GAMMA,8.803,9.183,9.306,9.553,0
ISRO_IC_01552,LOT_DELTA,13.286,14.049,14.168,14.248,0
ISRO_IC_01553,LOT_DELTA,15.432,16.02,16.147,16.189,0
ISRO_IC_01554,LOT_ALPHA,8.968,9.313,9.515,9.598,0
ISRO_IC_01555,LOT_ALPHA,9.484,10.104,10.477,10.684,0
ISRO_IC_01556,LOT_GAMMA,8.515,9.128,9.245,9.353,0
ISRO_IC_01557,LOT_BETA,12.891,13.142,13.518,13.618,0
ISRO_IC_01558,LOT_DELTA,13.205,13.412,13.676,13.786,0
ISRO_IC_01559,LOT_DELTA,13.236,15.511,21.88,59.202,2
ISRO_IC_01560,LOT_BETA,12.891,13.107,13.472,13.499,0
ISRO_IC_01561,LOT_ALPHA,12.425,13.077,13.347,13.505,0
ISRO_IC_01562,LOT_GAMMA,8.394,9.417,9.214,9.52,0
ISRO_IC_01563,LOT_ALPHA,9.447,10.186,10.196,10.555,0
ISRO_IC_01564,LOT_DELTA,11.619,12.208,12.371,12.656,0
ISRO_IC_01565,LOT_BETA,13.653,14.246,14.586,14.719,0
ISRO_IC_01566,LOT_GAMMA,7.925,8.687,9.229,9.274,0
ISRO_IC_01567,LOT_ALPHA,9.277,11.549,21.373,58.237,2
ISRO_IC_01568,LOT_GAMMA,10.308,11.051,11.236,11.453,0
ISRO_IC_01569,LOT_BETA,12.498,13.019,13.208,13.282,0
ISRO_IC_01570,LOT_GAMMA,8.998,9.561,10.288,10.212,0
ISRO_IC_01571,LOT_ALPHA,10.04,10.553,11.043,11.147,0
ISRO_IC_01572,LOT_GAMMA,9.292,9.735,9.921,10.16,0
ISRO_IC_01573,LOT_DELTA,15.495,16.23,16.061,16.568,0
ISRO_IC_01574,LOT_ALPHA,11.695,12.138,12.69,12.658,0
ISRO_IC_01575,LOT_ALPHA,10.377,11.183,11.312,11.467,0
ISRO_IC_01576,LOT_ALPHA,9.76,10.203,10.318,10.361,0
ISRO_IC_01577,LOT_GAMMA,8.923,9.263,9.494,9.305,0
ISRO_IC_01578,LOT_GAMMA,8.698,9.132,9.064,9.365,0
ISRO_IC_01579,LOT_BETA,14.407,15.079,15.355,15.461,0
ISRO_IC_01580,LOT_ALPHA,10.956,11.344,11.457,11.845,0
ISRO_IC_01581,LOT_BETA,15.141,15.646,15.784,15.912,0
ISRO_IC_01582,LOT_GAMMA,8.185,8.887,8.839,9.073,0
ISRO_IC_01583,LOT_BETA,13.242,13.747,13.905,14.035,0
ISRO_IC_01584,LOT_DELTA,14.005,14.387,14.732,14.978,0
ISRO_IC_01585,LOT_ALPHA,10.063,10.848,11.045,11.05,0
ISRO_IC_01586,LOT_GAMMA,10.544,11.038,11.192,11.43,0
ISRO_IC_01587,LOT_BETA,12.154,12.801,13.183,13.192,0
ISRO_IC_01588,LOT_BETA,13.569,14.146,14.114,14.63,0
ISRO_IC_01589,LOT_GAMMA,8.436,8.841,9.286,9.2,0
ISRO_IC_01590,LOT_GAMMA,7.406,8.144,8.25,8.341,0
ISRO_IC_01591,LOT_DELTA,18.156,18.478,18.576,19.1,0
ISRO_IC_01592,LOT_ALPHA,8.9,9.64,9.733,10.066,0
ISRO_IC_01593,LOT_ALPHA,18.27,18.865,19.116,19.24,1
ISRO_IC_01594,LOT_GAMMA,10.592,11.256,11.284,11.372,0
ISRO_IC_01595,LOT_GAMMA,8.321,8.894,9.358,9.543,0
ISRO_IC_01596,LOT_ALPHA,8.966,9.515,9.658,9.689,0
ISRO_IC_01597,LOT_ALPHA,9.369,9.941,10.113,9.996,0
ISRO_IC_01598,LOT_ALPHA,8.968,9.41,9.645,9.802,0
ISRO_IC_01599,LOT_DELTA,13.401,13.892,14.158,14.153,0
ISRO_IC_01600,LOT_ALPHA,12.115,12.678,12.683,12.701,0
ISRO_IC_01601,LOT_BETA,11.925,12.527,12.76,12.836,0
ISRO_IC_01602,LOT_ALPHA,9.994,10.345,10.74,10.452,0
ISRO_IC_01603,LOT_BETA,14.049,14.957,15.165,15.108,0
ISRO_IC_01604,LOT_ALPHA,8.503,9.327,9.558,9.598,0
ISRO_IC_01605,LOT_BETA,12.726,13.06,13.512,13.559,0
ISRO_IC_01606,LOT_ALPHA,10.813,13.338,23.302,61.49,2
ISRO_IC_01607,LOT_DELTA,13.376,13.992,14.272,14.394,0
ISRO_IC_01608,LOT_ALPHA,10.51,11.046,11.52,11.282,0
ISRO_IC_01609,LOT_BETA,11.298,11.753,12.035,12.197,0
ISRO_IC_01610,LOT_DELTA,13.13,13.551,14.063,14.048,0
ISRO_IC_01611,LOT_GAMMA,10.276,10.685,10.915,11.072,0
ISRO_IC_01612,LOT_BETA,13.958,14.434,14.63,14.717,0
ISRO_IC_01613,LOT_BETA,13.824,14.304,14.205,14.657,0
ISRO_IC_01614,LOT_BETA,14.659,15.252,15.224,15.467,0
ISRO_IC_01615,LOT_GAMMA,8.922,9.332,9.607,9.672,0
ISRO_IC_01616,LOT_DELTA,15.193,15.652,15.81,16.002,0
ISRO_IC_01617,LOT_GAMMA,8.486,8.986,8.86,9.177,0
ISRO_IC_01618,LOT_GAMMA,8.213,8.802,8.879,8.998,0
ISRO_IC_01619,LOT_GAMMA,8.742,9.207,9.657,9.702,0
ISRO_IC_01620,LOT_BETA,15.938,16.88,16.761,16.823,0
ISRO_IC_01621,LOT_ALPHA,9.285,9.68,9.929,9.772,0
ISRO_IC_01622,LOT_GAMMA,9.2,9.644,10.019,10.012,0
ISRO_IC_01623,LOT_DELTA,12.634,13.085,13.595,13.779,0
ISRO_IC_01624,LOT_ALPHA,11.237,11.738,12.065,12.144,0
ISRO_IC_01625,LOT_GAMMA,6.984,7.838,7.862,8.266,0
ISRO_IC_01626,LOT_ALPHA,8.896,9.481,9.827,9.724,0
ISRO_IC_01627,LOT_BETA,25.066,25.432,25.927,26.053,1
ISRO_IC_01628,LOT_ALPHA,10.882,11.476,11.609,11.688,0
ISRO_IC_01629,LOT_BETA,15.118,15.528,15.737,15.818,0
ISRO_IC_01630,LOT_GAMMA,9.05,9.909,10.063,10.169,0
ISRO_IC_01631,LOT_BETA,14.638,15.122,15.373,15.295,0
ISRO_IC_01632,LOT_GAMMA,9.454,9.922,9.925,10.011,0
ISRO_IC_01633,LOT_GAMMA,7.719,8.385,8.382,8.436,0
ISRO_IC_01634,LOT_DELTA,12.1,12.395,12.694,12.965,0
ISRO_IC_01635,LOT_ALPHA,10.299,10.866,11.06,11.273,0
ISRO_IC_01636,LOT_BETA,13.095,13.546,13.691,13.824,0
ISRO_IC_01637,LOT_ALPHA,10.936,11.372,11.757,12.085,0
ISRO_IC_01638,LOT_DELTA,12.207,12.909,12.707,13.034,0
ISRO_IC_01639,LOT_DELTA,14.955,15.526,15.762,15.89,0
ISRO_IC_01640,LOT_BETA,14.14,14.585,15.164,14.952,0
ISRO_IC_01641,LOT_DELTA,15.516,16.06,16.671,16.671,0
ISRO_IC_01642,LOT_BETA,11.891,12.672,12.564,13.065,0
ISRO_IC_01643,LOT_GAMMA,8.53,9.131,9.341,9.461,0
ISRO_IC_01644,LOT_ALPHA,9.453,9.703,9.918,10.169,0
ISRO_IC_01645,LOT_GAMMA,7.543,8.229,8.498,8.646,0
ISRO_IC_01646,LOT_ALPHA,10.225,10.762,11.008,11.23,0
ISRO_IC_01647,LOT_DELTA,15.461,16.413,16.5,16.895,0
ISRO_IC_01648,LOT_GAMMA,9.264,9.846,10.135,10.06,0
ISRO_IC_01649,LOT_GAMMA,7.442,8.328,8.271,8.684,0
ISRO_IC_01650,LOT_ALPHA,11.646,12.362,12.615,12.854,0
ISRO_IC_01651,LOT_BETA,15.041,15.42,15.937,15.821,0
ISRO_IC_01652,LOT_ALPHA,10.367,10.651,10.876,10.984,0
ISRO_IC_01653,LOT_BETA,13.316,13.963,14.434,14.418,0
ISRO_IC_01654,LOT_ALPHA,11.217,11.83,12.189,12.021,0
ISRO_IC_01655,LOT_DELTA,14.285,14.825,14.975,15.343,0
ISRO_IC_01656,LOT_GAMMA,8.853,9.305,9.52,9.56,0
ISRO_IC_01657,LOT_BETA,12.829,13.249,13.529,13.673,0
ISRO_IC_01658,LOT_BETA,13.121,15.72,23.546,45.701,2
ISRO_IC_01659,LOT_BETA,12.66,13.383,13.542,13.7,0
ISRO_IC_01660,LOT_GAMMA,9.513,10.122,10.103,10.509,0
ISRO_IC_01661,LOT_BETA,11.729,12.504,12.471,12.539,0
ISRO_IC_01662,LOT_DELTA,15.297,15.826,15.848,15.967,0
ISRO_IC_01663,LOT_BETA,14.409,14.753,15.057,15.421,0
ISRO_IC_01664,LOT_DELTA,14.062,14.771,14.958,15.36,0
ISRO_IC_01665,LOT_DELTA,14.057,14.658,14.847,14.775,0
ISRO_IC_01666,LOT_ALPHA,9.886,10.652,10.932,11.461,0
ISRO_IC_01667,LOT_DELTA,13.658,14.393,14.421,14.576,0
ISRO_IC_01668,LOT_ALPHA,9.63,9.881,10.431,10.432,0
ISRO_IC_01669,LOT_DELTA,16.258,16.681,16.745,16.957,0
ISRO_IC_01670,LOT_BETA,12.645,13.137,13.695,13.429,0
ISRO_IC_01671,LOT_DELTA,15.227,18.054,27.599,55.274,2
ISRO_IC_01672,LOT_DELTA,17.011,17.626,17.84,18.067,0
ISRO_IC_01673,LOT_DELTA,14.195,14.959,14.87,14.871,0
ISRO_IC_01674,LOT_GAMMA,10.524,11.096,11.447,11.747,0
ISRO_IC_01675,LOT_BETA,13.683,15.65,24.448,61.121,2
ISRO_IC_01676,LOT_ALPHA,11.641,12.28,12.462,12.51,0
ISRO_IC_01677,LOT_BETA,11.078,11.479,11.762,11.763,0
ISRO_IC_01678,LOT_ALPHA,13.088,13.577,13.744,13.926,0
ISRO_IC_01679,LOT_GAMMA,7.983,8.326,8.735,8.625,0
ISRO_IC_01680,LOT_BETA,14.171,14.969,15.322,15.419,0
ISRO_IC_01681,LOT_DELTA,14.487,15.126,15.34,15.596,0
ISRO_IC_01682,LOT_GAMMA,8.625,9.063,9.363,9.283,0
ISRO_IC_01683,LOT_DELTA,15.216,15.449,15.66,15.83,0
ISRO_IC_01684,LOT_ALPHA,9.728,10.161,10.274,10.418,0
ISRO_IC_01685,LOT_DELTA,16.895,17.474,17.835,17.832,0
ISRO_IC_01686,LOT_DELTA,15.876,16.566,16.802,16.993,0
ISRO_IC_01687,LOT_BETA,11.986,12.385,12.771,12.851,0
ISRO_IC_01688,LOT_GAMMA,8.31,8.905,8.929,8.882,0
ISRO_IC_01689,LOT_GAMMA,10.145,10.581,11.039,10.937,0
ISRO_IC_01690,LOT_ALPHA,10.951,11.413,11.851,11.72,0
ISRO_IC_01691,LOT_BETA,13.302,13.626,14.046,13.959,0
ISRO_IC_01692,LOT_BETA,14.291,15.011,15.042,15.192,0
ISRO_IC_01693,LOT_ALPHA,9.289,9.771,10.21,10.358,0
ISRO_IC_01694,LOT_BETA,13.231,13.89,14.199,14.407,0
ISRO_IC_01695,LOT_ALPHA,7.942,8.52,8.852,9.062,0
ISRO_IC_01696,LOT_ALPHA,10.345,11.008,11.179,11.218,0
ISRO_IC_01697,LOT_ALPHA,8.04,8.702,8.98,9.322,0
ISRO_IC_01698,LOT_DELTA,16.455,17.14,17.229,17.34,0
ISRO_IC_01699,LOT_BETA,11.39,11.896,11.882,11.815,0
ISRO_IC_01700,LOT_DELTA,13.678,14.225,14.546,14.449,0
ISRO_IC_01701,LOT_BETA,13.235,13.94,14.268,14.396,0
ISRO_IC_01702,LOT_BETA,13.804,14.487,14.691,14.817,0
ISRO_IC_01703,LOT_BETA,15.432,18.341,26.768,62.652,2
ISRO_IC_01704,LOT_BETA,14.283,14.546,14.951,15.164,0
ISRO_IC_01705,LOT_ALPHA,11.255,11.718,12.166,12.319,0
ISRO_IC_01706,LOT_GAMMA,9.348,9.845,10.253,10.364,0
ISRO_IC_01707,LOT_ALPHA,9.84,10.751,10.465,10.717,0
ISRO_IC_01708,LOT_GAMMA,8.106,8.744,8.906,8.917,0
ISRO_IC_01709,LOT_GAMMA,8.521,9.286,9.454,9.602,0
ISRO_IC_01710,LOT_ALPHA,11.386,11.988,12.225,12.395,0
ISRO_IC_01711,LOT_ALPHA,11.596,12.028,12.076,12.103,0
ISRO_IC_01712,LOT_GAMMA,9.694,10.267,10.297,10.512,0
ISRO_IC_01713,LOT_BETA,15.017,15.267,15.614,15.786,0
ISRO_IC_01714,LOT_ALPHA,11.52,12.13,12.602,12.204,0
ISRO_IC_01715,LOT_DELTA,15.194,15.946,16.133,16.01,0
ISRO_IC_01716,LOT_ALPHA,11.148,11.584,11.699,11.842,0
ISRO_IC_01717,LOT_GAMMA,8.033,8.822,9.077,9.392,0
ISRO_IC_01718,LOT_DELTA,18.508,19.176,19.652,19.95,0
ISRO_IC_01719,LOT_ALPHA,11.296,11.72,11.937,12.254,0
ISRO_IC_01720,LOT_ALPHA,9.396,9.957,10.338,10.45,0
ISRO_IC_01721,LOT_ALPHA,11.165,11.857,11.927,12.298,0
ISRO_IC_01722,LOT_BETA,13.577,14.104,14.344,14.373,0
ISRO_IC_01723,LOT_ALPHA,8.931,9.409,9.677,9.581,0
ISRO_IC_01724,LOT_GAMMA,8.604,9.28,9.581,9.739,0
ISRO_IC_01725,LOT_ALPHA,10.982,11.58,11.851,11.781,0
ISRO_IC_01726,LOT_BETA,13.24,13.61,13.823,13.855,0
ISRO_IC_01727,LOT_DELTA,15.17,15.659,16.066,16.057,0
ISRO_IC_01728,LOT_DELTA,12.253,12.992,13.062,13.383,0
ISRO_IC_01729,LOT_GAMMA,9.338,10.097,10.393,10.426,0
ISRO_IC_01730,LOT_BETA,14.198,14.972,15.217,15.184,0
ISRO_IC_01731,LOT_GAMMA,7.625,8.065,8.225,8.469,0
ISRO_IC_01732,LOT_BETA,14.207,14.92,15.08,15.147,0
ISRO_IC_01733,LOT_BETA,10.971,11.562,11.805,11.862,0
ISRO_IC_01734,LOT_ALPHA,8.405,8.741,9.137,9.13,0
ISRO_IC_01735,LOT_DELTA,13.764,14.412,15.075,14.874,0
ISRO_IC_01736,LOT_BETA,12.498,12.873,13.043,13.082,0
ISRO_IC_01737,LOT_ALPHA,11.661,12.034,12.277,12.273,0
ISRO_IC_01738,LOT_BETA,13.606,14.17,14.691,14.531,0
ISRO_IC_01739,LOT_BETA,13.167,13.914,13.902,14.1,0
ISRO_IC_01740,LOT_DELTA,16.092,16.563,16.657,16.696,0
ISRO_IC_01741,LOT_GAMMA,8.52,9.153,9.448,9.694,0
ISRO_IC_01742,LOT_GAMMA,8.864,9.525,9.67,9.972,0
ISRO_IC_01743,LOT_ALPHA,11.771,12.37,12.451,12.545,0
ISRO_IC_01744,LOT_BETA,14.537,15.247,15.215,15.136,0
ISRO_IC_01745,LOT_BETA,24.045,24.641,24.868,24.794,1
ISRO_IC_01746,LOT_ALPHA,8.172,8.671,9.103,9.256,0
ISRO_IC_01747,LOT_ALPHA,9.55,10.31,10.421,10.266,0
ISRO_IC_01748,LOT_GAMMA,8.127,8.497,8.707,9.157,0
ISRO_IC_01749,LOT_ALPHA,9.609,11.542,17.65,49.521,2
ISRO_IC_01750,LOT_BETA,11.423,11.827,12.212,12.46,0
ISRO_IC_01751,LOT_ALPHA,10.24,10.47,11.15,10.963,0
ISRO_IC_01752,LOT_ALPHA,10.991,11.766,11.952,12.102,0
ISRO_IC_01753,LOT_ALPHA,11.534,12.051,12.376,12.559,0
ISRO_IC_01754,LOT_DELTA,12.393,13.395,13.515,13.401,0
ISRO_IC_01755,LOT_DELTA,17.857,18.287,18.603,18.925,0
ISRO_IC_01756,LOT_DELTA,14.207,16.393,25.324,54.337,2
ISRO_IC_01757,LOT_BETA,14.475,15.136,15.29,15.428,0
ISRO_IC_01758,LOT_ALPHA,9.464,10.101,10.448,10.282,0
ISRO_IC_01759,LOT_BETA,12.307,12.999,13.13,13.443,0
ISRO_IC_01760,LOT_BETA,12.54,12.8,13.196,13.349,0
ISRO_IC_01761,LOT_DELTA,12.643,13.297,13.326,13.648,0
ISRO_IC_01762,LOT_ALPHA,9.515,9.795,10.189,10.112,0
ISRO_IC_01763,LOT_BETA,13.058,13.424,14.029,14.126,0
ISRO_IC_01764,LOT_ALPHA,10.206,10.549,10.908,11.359,0
ISRO_IC_01765,LOT_BETA,12.515,13.276,13.524,13.694,0
ISRO_IC_01766,LOT_GAMMA,9.045,9.556,9.901,9.987,0
ISRO_IC_01767,LOT_BETA,14.478,15.084,15.127,15.111,0
ISRO_IC_01768,LOT_BETA,12.475,12.732,12.74,13.18,0
ISRO_IC_01769,LOT_BETA,31.222,31.794,32.051,32.304,1
ISRO_IC_01770,LOT_BETA,13.823,14.227,14.281,14.062,0
ISRO_IC_01771,LOT_GAMMA,30.272,30.791,31.346,31.3,1
ISRO_IC_01772,LOT_DELTA,14.424,14.824,14.932,14.896,0
ISRO_IC_01773,LOT_DELTA,13.523,14.019,14.185,14.368,0
ISRO_IC_01774,LOT_GAMMA,8.653,8.979,9.12,9.288,0
ISRO_IC_01775,LOT_BETA,16.731,17.095,17.248,17.534,0
ISRO_IC_01776,LOT_GAMMA,6.666,7.035,7.337,7.272,0
ISRO_IC_01777,LOT_BETA,12.351,13.026,13.161,13.461,0
ISRO_IC_01778,LOT_ALPHA,9.758,10.373,10.506,10.392,0
ISRO_IC_01779,LOT_DELTA,18.907,19.442,19.677,19.806,0
ISRO_IC_01780,LOT_ALPHA,11.944,12.624,12.784,12.841,0
ISRO_IC_01781,LOT_DELTA,14.541,14.829,15.173,15.225,0
ISRO_IC_01782,LOT_BETA,13.903,14.766,15.07,15.112,0
ISRO_IC_01783,LOT_GAMMA,9.838,10.249,10.526,10.591,0
ISRO_IC_01784,LOT_GAMMA,8.821,9.508,9.706,9.697,0
ISRO_IC_01785,LOT_DELTA,14.762,15.401,15.616,15.733,0
ISRO_IC_01786,LOT_GAMMA,10.404,10.982,11.29,11.533,0
ISRO_IC_01787,LOT_GAMMA,7.98,8.49,8.727,8.896,0
ISRO_IC_01788,LOT_ALPHA,9.112,9.729,10.244,10.44,0
ISRO_IC_01789,LOT_BETA,12.301,12.936,13.263,13.343,0
ISRO_IC_01790,LOT_ALPHA,10.933,11.766,11.93,12.252,0
ISRO_IC_01791,LOT_GAMMA,10.113,10.441,10.597,10.609,0
ISRO_IC_01792,LOT_BETA,10.261,10.706,10.756,10.888,0
ISRO_IC_01793,LOT_GAMMA,9.488,10.237,10.317,10.245,0
ISRO_IC_01794,LOT_ALPHA,9.56,10.159,10.482,10.628,0
ISRO_IC_01795,LOT_ALPHA,10.711,11.283,11.429,11.407,0
ISRO_IC_01796,LOT_GAMMA,8.754,9.133,9.14,9.148,0
ISRO_IC_01797,LOT_ALPHA,10.056,10.597,10.768,11.152,0
ISRO_IC_01798,LOT_ALPHA,11.986,12.36,12.809,12.851,0
ISRO_IC_01799,LOT_ALPHA,6.997,7.411,7.93,7.982,0
ISRO_IC_01800,LOT_DELTA,14.966,15.711,15.496,15.6,0
ISRO_IC_01801,LOT_GAMMA,12.706,13.075,13.412,13.146,1
ISRO_IC_01802,LOT_BETA,13.936,14.297,14.78,14.787,0
ISRO_IC_01803,LOT_ALPHA,8.528,9.081,9.339,9.421,0
ISRO_IC_01804,LOT_BETA,14.714,15.303,15.446,15.898,0
ISRO_IC_01805,LOT_GAMMA,11.466,12.081,12.239,12.217,0
ISRO_IC_01806,LOT_GAMMA,7.921,8.531,8.664,8.885,0
ISRO_IC_01807,LOT_ALPHA,8.204,8.883,9.018,9.331,0
ISRO_IC_01808,LOT_ALPHA,11.066,11.714,11.83,11.901,0
ISRO_IC_01809,LOT_ALPHA,10.003,10.585,10.832,10.813,0
ISRO_IC_01810,LOT_GAMMA,9.152,9.508,9.884,9.866,0
ISRO_IC_01811,LOT_GAMMA,28.192,28.697,28.662,28.762,1
ISRO_IC_01812,LOT_ALPHA,10.855,11.311,11.758,11.776,0
ISRO_IC_01813,LOT_ALPHA,10.41,10.821,11.212,11.108,0
ISRO_IC_01814,LOT_ALPHA,12.929,15.422,22.586,62.251,2
ISRO_IC_01815,LOT_DELTA,14.205,14.614,14.689,14.932,0
ISRO_IC_01816,LOT_ALPHA,11.29,11.671,11.911,12.233,0
ISRO_IC_01817,LOT_GAMMA,8.127,8.494,8.781,9.052,0
ISRO_IC_01818,LOT_GAMMA,7.979,8.548,8.546,8.694,0
ISRO_IC_01819,LOT_BETA,15.021,15.479,15.888,15.878,0
ISRO_IC_01820,LOT_ALPHA,11.169,11.865,12.05,12.062,0
ISRO_IC_01821,LOT_ALPHA,30.05,30.525,30.558,30.608,1
ISRO_IC_01822,LOT_GAMMA,9.058,9.39,9.638,9.839,0
ISRO_IC_01823,LOT_GAMMA,10.156,10.653,11.187,10.901,0
ISRO_IC_01824,LOT_GAMMA,9.775,10.447,10.782,10.982,0
ISRO_IC_01825,LOT_BETA,41.015,41.377,41.79,41.826,1
ISRO_IC_01826,LOT_ALPHA,9.807,10.279,10.145,10.378,0
ISRO_IC_01827,LOT_DELTA,13.312,15.439,24.525,52.633,2
ISRO_IC_01828,LOT_GAMMA,8.153,8.817,8.717,8.824,0
ISRO_IC_01829,LOT_ALPHA,11.71,11.979,12.275,12.317,0
ISRO_IC_01830,LOT_DELTA,12.614,12.961,13.243,13.347,0
ISRO_IC_01831,LOT_GAMMA,8.729,9.399,9.341,9.664,0
ISRO_IC_01832,LOT_GAMMA,9.704,10.345,10.634,11.168,0
ISRO_IC_01833,LOT_GAMMA,10.437,11.008,11.064,11.207,0
ISRO_IC_01834,LOT_DELTA,14.622,15.091,15.416,15.644,0
ISRO_IC_01835,LOT_GAMMA,8.091,8.509,8.921,8.84,0
ISRO_IC_01836,LOT_ALPHA,12.558,12.974,13.217,13.036,0
ISRO_IC_01837,LOT_BETA,14.471,15.075,15.228,15.389,0
ISRO_IC_01838,LOT_DELTA,15.708,16.063,16.088,16.525,0
ISRO_IC_01839,LOT_ALPHA,10.032,10.546,10.893,10.888,0
ISRO_IC_01840,LOT_BETA,11.653,11.976,12.51,12.555,0
ISRO_IC_01841,LOT_BETA,13.246,13.754,14.091,14.104,0
ISRO_IC_01842,LOT_BETA,16.216,16.838,17.111,17.067,0
ISRO_IC_01843,LOT_GAMMA,8.899,9.603,9.631,9.726,0
ISRO_IC_01844,LOT_DELTA,14.279,15.273,15.205,15.712,0
ISRO_IC_01845,LOT_ALPHA,11.537,12.245,12.371,12.054,0
ISRO_IC_01846,LOT_ALPHA,8.433,8.994,9.277,9.353,0
ISRO_IC_01847,LOT_ALPHA,10.543,11.139,11.098,11.354,0
ISRO_IC_01848,LOT_DELTA,17.272,17.918,17.996,18.224,0
ISRO_IC_01849,LOT_GAMMA,8.924,9.301,9.372,9.657,0
ISRO_IC_01850,LOT_ALPHA,8.739,9.317,9.404,9.657,0
ISRO_IC_01851,LOT_DELTA,13.669,14.345,14.65,14.612,0
ISRO_IC_01852,LOT_DELTA,16.145,16.494,16.792,16.953,0
ISRO_IC_01853,LOT_DELTA,16.278,18.961,25.974,60.243,2
ISRO_IC_01854,LOT_DELTA,16.475,17.032,17.285,17.61,0
ISRO_IC_01855,LOT_ALPHA,10.989,11.352,11.72,11.747,0
ISRO_IC_01856,LOT_GAMMA,9.754,10.375,10.523,10.837,0
ISRO_IC_01857,LOT_BETA,12.11,12.803,13.236,13.341,0
ISRO_IC_01858,LOT_DELTA,15.725,16.502,16.674,16.775,0
ISRO_IC_01859,LOT_GAMMA,8.258,9.049,9.289,9.383,0
ISRO_IC_01860,LOT_GAMMA,10.601,11.35,11.544,11.675,0
ISRO_IC_01861,LOT_GAMMA,9.214,9.849,9.983,9.814,0
ISRO_IC_01862,LOT_ALPHA,8.455,8.83,9.154,9.296,0
ISRO_IC_01863,LOT_BETA,15.367,16.122,16.53,16.499,0
ISRO_IC_01864,LOT_DELTA,14.757,15.557,15.488,15.373,0
ISRO_IC_01865,LOT_DELTA,13.471,13.791,14.106,14.244,0
ISRO_IC_01866,LOT_ALPHA,7.929,8.286,8.6,8.635,0
ISRO_IC_01867,LOT_ALPHA,9.707,10.134,10.192,10.489,0
ISRO_IC_01868,LOT_ALPHA,8.837,9.006,9.339,9.363,0
ISRO_IC_01869,LOT_GAMMA,8.02,8.748,9.045,8.983,0
ISRO_IC_01870,LOT_DELTA,17.069,17.53,17.748,17.823,0
ISRO_IC_01871,LOT_ALPHA,12.172,12.4,12.878,13.03,0
ISRO_IC_01872,LOT_BETA,14.006,14.578,14.917,15.068,0
ISRO_IC_01873,LOT_DELTA,13.51,14.107,13.978,14.276,0
ISRO_IC_01874,LOT_GAMMA,7.481,8.082,8.478,8.446,0
ISRO_IC_01875,LOT_BETA,12.208,12.834,13.119,13.203,0
ISRO_IC_01876,LOT_GAMMA,9.339,10.028,10.26,10.243,0
ISRO_IC_01877,LOT_BETA,13.945,14.416,14.706,14.945,0
ISRO_IC_01878,LOT_ALPHA,8.926,9.379,9.592,9.75,0
ISRO_IC_01879,LOT_GAMMA,9.249,9.753,10.21,10.299,0
ISRO_IC_01880,LOT_GAMMA,7.443,8.128,8.434,8.546,0
ISRO_IC_01881,LOT_DELTA,14.798,15.534,15.537,15.963,0
ISRO_IC_01882,LOT_GAMMA,10.359,11.16,11.243,11.39,0
ISRO_IC_01883,LOT_GAMMA,7.387,7.638,8.043,8.046,0
ISRO_IC_01884,LOT_ALPHA,10.746,11.545,11.528,11.725,0
ISRO_IC_01885,LOT_BETA,14.442,15.046,15.077,15.0,0
ISRO_IC_01886,LOT_ALPHA,9.858,11.845,17.584,47.771,2
ISRO_IC_01887,LOT_ALPHA,8.284,8.775,8.873,8.662,0
ISRO_IC_01888,LOT_GAMMA,8.923,9.207,9.401,9.761,0
ISRO_IC_01889,LOT_DELTA,14.295,14.785,14.897,15.111,0
ISRO_IC_01890,LOT_ALPHA,11.792,12.406,12.639,12.643,0
ISRO_IC_01891,LOT_BETA,13.105,13.586,14.129,14.28,0
ISRO_IC_01892,LOT_DELTA,14.337,14.646,14.934,14.929,0
ISRO_IC_01893,LOT_ALPHA,10.381,10.969,11.025,11.174,0
ISRO_IC_01894,LOT_GAMMA,39.671,40.325,40.347,40.403,1
ISRO_IC_01895,LOT_GAMMA,8.956,9.66,9.941,9.831,0
ISRO_IC_01896,LOT_GAMMA,8.415,9.056,9.551,9.394,0
ISRO_IC_01897,LOT_ALPHA,12.14,12.584,12.903,12.795,0
ISRO_IC_01898,LOT_BETA,12.637,13.179,13.452,13.799,0
ISRO_IC_01899,LOT_GAMMA,7.331,7.856,7.942,7.651,0
ISRO_IC_01900,LOT_GAMMA,8.814,9.255,9.352,9.866,0
ISRO_IC_01901,LOT_ALPHA,11.15,11.724,12.163,12.156,0
ISRO_IC_01902,LOT_GAMMA,9.351,9.938,10.262,10.574,0
ISRO_IC_01903,LOT_ALPHA,10.61,11.085,11.443,11.349,0
ISRO_IC_01904,LOT_GAMMA,8.812,11.207,18.002,42.737,2
ISRO_IC_01905,LOT_ALPHA,9.162,9.74,10.149,10.097,0
ISRO_IC_01906,LOT_DELTA,34.631,35.461,35.624,35.581,1
ISRO_IC_01907,LOT_BETA,13.737,13.974,14.559,14.625,0
ISRO_IC_01908,LOT_BETA,15.733,16.058,16.388,16.298,0
ISRO_IC_01909,LOT_ALPHA,10.079,10.755,10.778,10.97,0
ISRO_IC_01910,LOT_BETA,13.554,14.003,14.339,14.277,0
ISRO_IC_01911,LOT_DELTA,18.825,19.574,19.95,20.186,0
ISRO_IC_01912,LOT_DELTA,16.339,17.049,17.212,17.322,0
ISRO_IC_01913,LOT_BETA,14.479,14.824,15.035,15.409,0
ISRO_IC_01914,LOT_BETA,14.702,14.961,15.484,15.244,0
ISRO_IC_01915,LOT_GAMMA,10.092,10.677,10.694,10.88,0
ISRO_IC_01916,LOT_DELTA,13.604,13.94,14.23,14.565,0
ISRO_IC_01917,LOT_GAMMA,9.427,9.805,9.997,10.131,0
ISRO_IC_01918,LOT_BETA,16.4,16.943,17.198,17.094,0
ISRO_IC_01919,LOT_BETA,12.152,12.76,12.951,13.198,0
ISRO_IC_01920,LOT_GAMMA,7.339,8.073,8.192,8.531,0
ISRO_IC_01921,LOT_ALPHA,12.301,14.727,21.711,69.469,2
ISRO_IC_01922,LOT_GAMMA,9.098,9.701,9.782,9.846,0
ISRO_IC_01923,LOT_BETA,13.143,13.919,14.206,14.056,0
ISRO_IC_01924,LOT_GAMMA,9.698,10.323,10.402,10.806,0
ISRO_IC_01925,LOT_ALPHA,9.516,10.315,10.619,10.807,0
ISRO_IC_01926,LOT_GAMMA,8.642,9.09,9.346,9.642,0
ISRO_IC_01927,LOT_BETA,12.462,13.085,13.037,13.08,0
ISRO_IC_01928,LOT_GAMMA,9.337,9.862,10.032,10.17,0
ISRO_IC_01929,LOT_ALPHA,12.449,12.848,12.714,12.955,0
ISRO_IC_01930,LOT_GAMMA,8.887,9.588,9.71,9.591,0
ISRO_IC_01931,LOT_GAMMA,10.977,11.482,11.413,11.642,0
ISRO_IC_01932,LOT_GAMMA,5.875,6.689,6.727,6.73,0
ISRO_IC_01933,LOT_GAMMA,32.52,33.136,33.588,33.596,1
ISRO_IC_01934,LOT_GAMMA,8.493,9.273,9.635,9.499,0
ISRO_IC_01935,LOT_DELTA,15.038,15.39,15.691,15.831,0
ISRO_IC_01936,LOT_ALPHA,11.418,11.759,11.917,12.058,0
ISRO_IC_01937,LOT_DELTA,15.549,16.299,16.421,16.818,0
ISRO_IC_01938,LOT_BETA,14.625,16.538,23.367,66.002,2
ISRO_IC_01939,LOT_ALPHA,10.506,10.881,10.848,11.149,0
ISRO_IC_01940,LOT_ALPHA,10.816,11.01,11.56,11.348,0
ISRO_IC_01941,LOT_BETA,13.001,13.715,13.757,14.274,0
ISRO_IC_01942,LOT_GAMMA,9.273,10.029,9.985,10.215,0
ISRO_IC_01943,LOT_GAMMA,10.231,10.913,10.924,11.017,0
ISRO_IC_01944,LOT_GAMMA,8.575,9.281,9.547,9.419,0
ISRO_IC_01945,LOT_BETA,13.022,16.018,25.035,59.726,2
ISRO_IC_01946,LOT_BETA,16.726,17.073,17.506,17.502,0
ISRO_IC_01947,LOT_ALPHA,10.226,10.877,11.085,11.24,0
ISRO_IC_01948,LOT_BETA,14.048,14.661,15.008,14.941,0
ISRO_IC_01949,LOT_BETA,13.611,14.164,14.439,14.524,0
ISRO_IC_01950,LOT_ALPHA,10.455,11.116,11.263,11.383,0
ISRO_IC_01951,LOT_ALPHA,10.575,11.245,11.526,11.487,0
ISRO_IC_01952,LOT_GAMMA,8.3,8.812,8.643,9.097,0
ISRO_IC_01953,LOT_GAMMA,9.831,10.49,10.54,10.538,0
ISRO_IC_01954,LOT_DELTA,13.66,14.193,14.575,14.562,0
ISRO_IC_01955,LOT_DELTA,15.088,15.725,15.73,15.875,0
ISRO_IC_01956,LOT_GAMMA,10.426,10.777,10.901,11.134,0
ISRO_IC_01957,LOT_BETA,13.517,14.181,14.55,14.582,0
ISRO_IC_01958,LOT_GAMMA,9.683,10.213,10.152,10.714,0
ISRO_IC_01959,LOT_GAMMA,7.671,8.149,8.421,8.355,0
ISRO_IC_01960,LOT_ALPHA,10.714,11.09,11.287,11.548,0
ISRO_IC_01961,LOT_BETA,11.269,11.736,11.768,12.125,0
ISRO_IC_01962,LOT_DELTA,14.462,16.744,25.247,69.182,2
ISRO_IC_01963,LOT_BETA,15.399,16.076,16.406,16.302,0
ISRO_IC_01964,LOT_GAMMA,9.37,9.971,10.188,10.497,0
ISRO_IC_01965,LOT_GAMMA,9.039,9.664,9.996,10.172,0
ISRO_IC_01966,LOT_ALPHA,11.722,12.462,12.75,12.78,0
ISRO_IC_01967,LOT_BETA,14.439,15.211,15.67,15.703,0
ISRO_IC_01968,LOT_BETA,28.724,29.259,29.518,29.462,1
ISRO_IC_01969,LOT_ALPHA,9.339,9.688,9.813,9.883,0
ISRO_IC_01970,LOT_ALPHA,8.312,9.178,9.391,9.534,0
ISRO_IC_01971,LOT_DELTA,15.474,18.334,26.042,71.601,2
ISRO_IC_01972,LOT_ALPHA,10.083,10.655,10.957,11.168,0
ISRO_IC_01973,LOT_BETA,14.745,15.427,15.632,15.652,0
ISRO_IC_01974,LOT_ALPHA,11.631,12.058,12.269,12.258,0
ISRO_IC_01975,LOT_DELTA,15.914,16.089,16.319,16.542,0
ISRO_IC_01976,LOT_ALPHA,10.994,11.323,11.493,11.67,0
ISRO_IC_01977,LOT_BETA,12.798,13.147,13.145,13.529,0
ISRO_IC_01978,LOT_DELTA,15.816,16.432,16.519,16.451,0
ISRO_IC_01979,LOT_DELTA,20.025,20.504,20.85,21.061,0
ISRO_IC_01980,LOT_ALPHA,10.134,10.504,10.814,11.016,0
ISRO_IC_01981,LOT_DELTA,14.943,15.588,15.72,16.085,0
ISRO_IC_01982,LOT_BETA,16.91,17.462,17.909,18.304,0
ISRO_IC_01983,LOT_BETA,15.046,15.59,15.849,16.081,0
ISRO_IC_01984,LOT_ALPHA,9.892,10.35,10.497,10.791,0
ISRO_IC_01985,LOT_ALPHA,10.29,10.818,11.343,11.256,0
ISRO_IC_01986,LOT_GAMMA,9.43,10.007,10.397,10.504,0
ISRO_IC_01987,LOT_BETA,12.607,13.21,13.476,13.576,0
ISRO_IC_01988,LOT_BETA,13.638,14.174,14.457,14.609,0
ISRO_IC_01989,LOT_GAMMA,9.194,9.72,10.126,10.088,0
ISRO_IC_01990,LOT_GAMMA,7.936,8.517,8.517,8.714,0
ISRO_IC_01991,LOT_ALPHA,8.625,9.467,9.445,9.521,0
ISRO_IC_01992,LOT_GAMMA,9.566,10.14,10.465,10.603,0
ISRO_IC_01993,LOT_ALPHA,9.866,10.364,10.621,10.84,0
ISRO_IC_01994,LOT_GAMMA,8.671,9.327,9.505,9.627,0
ISRO_IC_01995,LOT_GAMMA,9.913,10.323,10.502,10.809,0
ISRO_IC_01996,LOT_DELTA,16.48,17.007,17.1,17.181,0
ISRO_IC_01997,LOT_ALPHA,9.443,9.788,9.827,9.988,0
ISRO_IC_01998,LOT_ALPHA,10.953,11.481,11.741,11.643,0
ISRO_IC_01999,LOT_ALPHA,10.304,11.029,11.06,11.094,0
ISRO_IC_02000,LOT_ALPHA,10.813,11.61,11.472,11.831,0
ISRO_IC_02001,LOT_ALPHA,10.248,10.578,10.856,10.829,0
ISRO_IC_02002,LOT_DELTA,12.29,12.567,12.814,12.849,0
ISRO_IC_02003,LOT_ALPHA,9.649,10.141,10.457,10.493,0
ISRO_IC_02004,LOT_ALPHA,10.067,10.548,10.45,10.602,0
ISRO_IC_02005,LOT_GAMMA,8.619,8.955,9.521,9.275,0
ISRO_IC_02006,LOT_BETA,15.721,16.215,16.454,16.621,0
ISRO_IC_02007,LOT_GAMMA,9.398,9.919,9.971,10.056,0
ISRO_IC_02008,LOT_ALPHA,8.446,9.11,9.331,9.329,0
ISRO_IC_02009,LOT_BETA,40.237,40.62,40.619,40.848,1
ISRO_IC_02010,LOT_ALPHA,8.724,9.172,9.663,9.582,0
ISRO_IC_02011,LOT_ALPHA,7.731,8.003,8.359,8.511,0
ISRO_IC_02012,LOT_DELTA,12.931,13.6,13.735,13.855,0
ISRO_IC_02013,LOT_ALPHA,10.159,10.445,10.941,10.664,0
ISRO_IC_02014,LOT_BETA,14.833,15.489,15.705,15.539,0
ISRO_IC_02015,LOT_BETA,13.73,14.155,14.399,14.306,0
ISRO_IC_02016,LOT_BETA,13.961,14.376,14.605,14.82,0
ISRO_IC_02017,LOT_DELTA,14.577,15.309,15.032,15.375,0
ISRO_IC_02018,LOT_ALPHA,9.886,10.359,10.593,10.782,0
ISRO_IC_02019,LOT_GAMMA,9.545,9.999,10.355,10.532,0
ISRO_IC_02020,LOT_DELTA,11.347,11.924,11.974,12.105,0
ISRO_IC_02021,LOT_GAMMA,8.556,9.394,9.738,9.698,0
ISRO_IC_02022,LOT_DELTA,15.498,16.123,16.424,16.633,0
ISRO_IC_02023,LOT_ALPHA,8.947,9.631,9.554,10.001,0
ISRO_IC_02024,LOT_BETA,12.961,13.348,13.534,13.67,0
ISRO_IC_02025,LOT_ALPHA,11.629,12.248,12.097,12.316,0
ISRO_IC_02026,LOT_GAMMA,8.359,9.089,9.253,9.411,0
ISRO_IC_02027,LOT_DELTA,14.966,15.485,15.646,16.08,0
ISRO_IC_02028,LOT_ALPHA,10.717,11.276,11.522,11.576,0
ISRO_IC_02029,LOT_GAMMA,8.474,9.276,9.491,9.395,0
ISRO_IC_02030,LOT_ALPHA,9.244,9.837,9.842,9.938,0
ISRO_IC_02031,LOT_GAMMA,7.919,8.641,8.915,8.871,0
ISRO_IC_02032,LOT_BETA,15.712,16.255,16.351,16.713,0
ISRO_IC_02033,LOT_DELTA,14.847,15.15,15.291,15.591,0
ISRO_IC_02034,LOT_GAMMA,9.191,9.876,10.213,10.254,0
ISRO_IC_02035,LOT_BETA,13.018,13.661,13.797,13.871,0
ISRO_IC_02036,LOT_ALPHA,11.127,11.914,11.998,12.035,0
ISRO_IC_02037,LOT_ALPHA,10.767,11.391,11.509,11.404,0
ISRO_IC_02038,LOT_ALPHA,10.465,10.937,11.135,11.193,0
ISRO_IC_02039,LOT_ALPHA,10.682,10.954,11.189,11.185,0
ISRO_IC_02040,LOT_DELTA,14.597,15.291,15.601,15.665,0
ISRO_IC_02041,LOT_GAMMA,9.239,9.973,10.061,10.327,0
ISRO_IC_02042,LOT_BETA,14.269,14.708,15.111,15.353,0
ISRO_IC_02043,LOT_ALPHA,11.105,11.857,11.865,12.064,0
ISRO_IC_02044,LOT_DELTA,16.117,16.798,17.057,16.965,0
ISRO_IC_02045,LOT_GAMMA,9.948,10.499,10.768,10.811,0
ISRO_IC_02046,LOT_ALPHA,11.508,12.325,12.438,12.356,0
ISRO_IC_02047,LOT_GAMMA,9.366,10.116,10.256,10.352,0
ISRO_IC_02048,LOT_BETA,14.905,15.545,15.619,15.689,0
ISRO_IC_02049,LOT_ALPHA,10.524,11.332,11.53,11.556,0
ISRO_IC_02050,LOT_BETA,27.439,28.189,28.485,28.469,1
ISRO_IC_02051,LOT_BETA,12.478,12.992,12.777,13.12,0
ISRO_IC_02052,LOT_ALPHA,9.507,10.04,9.932,10.452,0
ISRO_IC_02053,LOT_DELTA,15.835,16.264,16.502,16.689,0
ISRO_IC_02054,LOT_DELTA,10.049,10.378,10.755,10.52,0
ISRO_IC_02055,LOT_GAMMA,8.241,8.571,8.994,9.168,0
ISRO_IC_02056,LOT_BETA,14.391,14.984,15.111,15.214,0
ISRO_IC_02057,LOT_BETA,12.95,13.438,13.811,13.923,0
ISRO_IC_02058,LOT_GAMMA,23.656,24.366,24.196,24.525,1
ISRO_IC_02059,LOT_BETA,13.338,15.027,21.708,63.805,2
ISRO_IC_02060,LOT_ALPHA,11.053,11.841,11.85,12.1,0
ISRO_IC_02061,LOT_BETA,11.3,11.571,11.942,11.998,0
ISRO_IC_02062,LOT_DELTA,14.173,14.531,14.77,14.696,0
ISRO_IC_02063,LOT_BETA,12.347,12.962,13.224,13.368,0
ISRO_IC_02064,LOT_ALPHA,8.426,9.187,9.465,9.836,0
ISRO_IC_02065,LOT_GAMMA,7.497,8.158,8.775,8.62,0
ISRO_IC_02066,LOT_ALPHA,9.94,10.353,10.73,10.832,0
ISRO_IC_02067,LOT_ALPHA,8.334,9.079,9.461,9.607,0
ISRO_IC_02068,LOT_ALPHA,10.935,11.486,11.697,11.927,0
ISRO_IC_02069,LOT_BETA,14.743,15.387,15.489,15.669,0
ISRO_IC_02070,LOT_GAMMA,8.229,8.844,9.013,9.061,0
ISRO_IC_02071,LOT_BETA,15.812,16.236,16.42,16.572,0
ISRO_IC_02072,LOT_ALPHA,8.731,9.648,9.717,9.887,0
ISRO_IC_02073,LOT_DELTA,14.763,15.55,15.637,15.846,0
ISRO_IC_02074,LOT_DELTA,13.714,14.306,14.272,14.342,0
ISRO_IC_02075,LOT_DELTA,16.156,16.644,16.928,16.931,0
ISRO_IC_02076,LOT_ALPHA,10.663,11.294,11.463,11.736,0
ISRO_IC_02077,LOT_BETA,12.423,12.894,13.032,13.34,0
ISRO_IC_02078,LOT_DELTA,15.161,17.882,27.399,64.271,2
ISRO_IC_02079,LOT_GAMMA,10.289,10.909,11.191,11.347,0
ISRO_IC_02080,LOT_ALPHA,27.458,28.073,28.503,28.653,1
ISRO_IC_02081,LOT_ALPHA,12.222,12.934,13.1,13.354,0
ISRO_IC_02082,LOT_BETA,14.69,15.247,15.165,15.209,0
ISRO_IC_02083,LOT_DELTA,13.855,14.458,14.659,14.756,0
ISRO_IC_02084,LOT_BETA,13.694,14.387,14.359,14.442,0
ISRO_IC_02085,LOT_BETA,14.272,16.627,22.128,67.819,2
ISRO_IC_02086,LOT_ALPHA,9.1,9.471,9.87,9.895,0
ISRO_IC_02087,LOT_GAMMA,7.884,8.319,8.578,8.772,0
ISRO_IC_02088,LOT_DELTA,14.727,15.371,15.682,15.587,0
ISRO_IC_02089,LOT_BETA,12.404,12.987,13.005,13.256,0
ISRO_IC_02090,LOT_GAMMA,10.498,11.262,11.525,11.863,0
ISRO_IC_02091,LOT_DELTA,12.368,12.933,13.156,13.417,0
ISRO_IC_02092,LOT_ALPHA,11.574,12.308,12.204,12.327,0
ISRO_IC_02093,LOT_BETA,13.54,14.357,14.432,14.402,0
ISRO_IC_02094,LOT_ALPHA,10.437,10.918,11.22,11.561,0
ISRO_IC_02095,LOT_GAMMA,8.202,8.533,8.961,9.155,0
ISRO_IC_02096,LOT_GAMMA,9.6,10.133,10.298,10.155,0
ISRO_IC_02097,LOT_GAMMA,7.633,7.872,8.332,8.326,0
ISRO_IC_02098,LOT_GAMMA,7.861,8.262,8.209,8.448,0
ISRO_IC_02099,LOT_BETA,10.979,11.381,11.688,11.727,0
ISRO_IC_02100,LOT_DELTA,18.361,18.643,18.951,19.606,0
ISRO_IC_02101,LOT_BETA,13.449,13.923,14.128,14.558,0
ISRO_IC_02102,LOT_ALPHA,7.758,8.408,8.633,8.777,0
ISRO_IC_02103,LOT_GAMMA,8.894,9.315,9.413,9.304,0
ISRO_IC_02104,LOT_GAMMA,8.446,9.146,9.126,9.245,0
ISRO_IC_02105,LOT_BETA,11.815,12.327,12.44,12.68,0
ISRO_IC_02106,LOT_DELTA,14.503,14.804,15.335,15.132,0
ISRO_IC_02107,LOT_DELTA,15.343,15.686,16.125,16.121,0
ISRO_IC_02108,LOT_ALPHA,9.821,11.665,21.131,59.028,2
ISRO_IC_02109,LOT_DELTA,15.047,15.402,15.831,15.811,0
ISRO_IC_02110,LOT_ALPHA,9.349,10.047,10.502,10.27,0
ISRO_IC_02111,LOT_ALPHA,11.082,11.5,11.73,12.129,0
ISRO_IC_02112,LOT_ALPHA,9.863,10.457,10.715,10.611,0
ISRO_IC_02113,LOT_DELTA,10.984,11.648,12.16,12.008,0
ISRO_IC_02114,LOT_GAMMA,8.029,8.586,8.955,9.265,0
ISRO_IC_02115,LOT_ALPHA,10.712,11.159,11.014,11.409,0
ISRO_IC_02116,LOT_BETA,13.537,14.237,14.507,14.686,0
ISRO_IC_02117,LOT_GAMMA,7.536,7.874,8.211,8.112,0
ISRO_IC_02118,LOT_ALPHA,10.438,10.961,11.277,11.423,0
ISRO_IC_02119,LOT_DELTA,16.11,16.458,16.901,17.115,0
ISRO_IC_02120,LOT_DELTA,13.575,13.768,14.107,14.107,0
ISRO_IC_02121,LOT_BETA,12.473,13.189,13.41,13.73,0
ISRO_IC_02122,LOT_DELTA,16.091,17.101,17.265,17.322,0
ISRO_IC_02123,LOT_BETA,12.632,13.114,13.367,13.206,0
ISRO_IC_02124,LOT_DELTA,40.272,40.5,40.794,41.04,1
ISRO_IC_02125,LOT_GAMMA,9.156,9.819,9.964,10.076,0
ISRO_IC_02126,LOT_GAMMA,8.591,9.255,9.393,9.511,0
ISRO_IC_02127,LOT_ALPHA,10.974,11.456,11.692,11.851,0
ISRO_IC_02128,LOT_DELTA,15.181,15.6,16.027,16.155,0
ISRO_IC_02129,LOT_BETA,14.413,14.838,15.241,15.257,0
ISRO_IC_02130,LOT_ALPHA,10.262,10.672,11.159,11.237,0
ISRO_IC_02131,LOT_ALPHA,8.822,9.365,9.624,9.55,0
ISRO_IC_02132,LOT_GAMMA,9.05,9.757,10.224,10.693,0
ISRO_IC_02133,LOT_BETA,13.974,14.466,14.593,14.833,0
ISRO_IC_02134,LOT_GAMMA,7.517,8.11,8.453,8.442,0
ISRO_IC_02135,LOT_DELTA,39.251,39.679,39.734,39.71,1
ISRO_IC_02136,LOT_ALPHA,10.11,10.842,11.037,11.026,0
ISRO_IC_02137,LOT_GAMMA,10.05,10.519,10.982,10.978,0
ISRO_IC_02138,LOT_ALPHA,10.183,10.798,11.223,11.38,0
ISRO_IC_02139,LOT_DELTA,12.987,13.519,13.896,13.688,0
ISRO_IC_02140,LOT_DELTA,31.165,31.891,32.091,32.282,1
ISRO_IC_02141,LOT_BETA,11.486,11.711,11.814,12.062,0
ISRO_IC_02142,LOT_GAMMA,9.202,9.805,10.044,10.19,0
ISRO_IC_02143,LOT_BETA,11.822,12.288,12.61,12.796,0
ISRO_IC_02144,LOT_BETA,13.109,13.472,13.723,13.883,0
ISRO_IC_02145,LOT_DELTA,17.052,17.657,17.908,17.872,0
ISRO_IC_02146,LOT_BETA,13.296,13.918,13.966,14.295,0
ISRO_IC_02147,LOT_BETA,15.585,16.048,16.596,16.679,0
ISRO_IC_02148,LOT_BETA,14.154,14.636,15.086,15.194,0
ISRO_IC_02149,LOT_DELTA,17.9,18.44,18.521,18.89,0
ISRO_IC_02150,LOT_BETA,14.381,15.037,14.991,15.326,0
ISRO_IC_02151,LOT_ALPHA,9.381,9.709,10.079,10.153,0
ISRO_IC_02152,LOT_GAMMA,8.117,8.786,9.035,9.259,0
ISRO_IC_02153,LOT_DELTA,13.065,13.683,13.838,13.913,0
ISRO_IC_02154,LOT_ALPHA,9.858,10.403,10.672,10.741,0
ISRO_IC_02155,LOT_ALPHA,10.121,10.827,11.218,10.926,0
ISRO_IC_02156,LOT_ALPHA,11.197,11.834,11.704,12.155,0
ISRO_IC_02157,LOT_BETA,15.048,15.491,15.667,15.663,0
ISRO_IC_02158,LOT_BETA,15.031,15.419,15.641,15.749,0
ISRO_IC_02159,LOT_GAMMA,8.607,9.201,9.213,9.388,0
ISRO_IC_02160,LOT_GAMMA,7.624,8.326,8.518,8.626,0
ISRO_IC_02161,LOT_GAMMA,7.394,7.816,8.263,8.246,0
ISRO_IC_02162,LOT_BETA,11.597,12.237,12.138,12.436,0
ISRO_IC_02163,LOT_DELTA,15.621,16.18,16.24,16.535,0
ISRO_IC_02164,LOT_BETA,15.415,16.099,16.357,16.738,0
ISRO_IC_02165,LOT_DELTA,15.413,16.008,16.286,16.581,0
ISRO_IC_02166,LOT_GAMMA,7.93,8.479,8.549,8.321,0
ISRO_IC_02167,LOT_ALPHA,11.823,12.473,12.689,12.805,0
ISRO_IC_02168,LOT_GAMMA,6.595,7.179,7.196,7.508,0
ISRO_IC_02169,LOT_BETA,15.844,16.378,16.346,16.633,0
ISRO_IC_02170,LOT_GAMMA,8.178,8.774,9.097,9.168,0
ISRO_IC_02171,LOT_ALPHA,11.378,11.864,11.934,12.227,0
ISRO_IC_02172,LOT_ALPHA,9.637,10.095,10.311,10.597,0
ISRO_IC_02173,LOT_DELTA,17.15,17.694,17.725,18.024,0
ISRO_IC_02174,LOT_ALPHA,9.782,10.243,10.338,10.615,0
ISRO_IC_02175,LOT_DELTA,15.284,16.116,16.248,16.394,0
ISRO_IC_02176,LOT_ALPHA,11.424,12.047,12.104,12.248,0
ISRO_IC_02177,LOT_GAMMA,6.883,9.625,17.593,65.524,2
ISRO_IC_02178,LOT_GAMMA,8.176,8.727,8.82,8.848,0
ISRO_IC_02179,LOT_BETA,11.759,12.331,12.443,12.651,0
ISRO_IC_02180,LOT_BETA,15.167,15.801,16.238,16.291,0
ISRO_IC_02181,LOT_ALPHA,9.196,9.746,9.985,10.264,0
ISRO_IC_02182,LOT_ALPHA,32.467,32.774,33.214,33.155,1
ISRO_IC_02183,LOT_BETA,11.432,11.938,12.149,12.358,0
ISRO_IC_02184,LOT_GAMMA,9.222,9.551,9.868,9.92,0
ISRO_IC_02185,LOT_DELTA,15.25,15.741,16.014,15.987,0
ISRO_IC_02186,LOT_DELTA,14.406,14.876,15.355,15.571,0
ISRO_IC_02187,LOT_GAMMA,9.425,10.106,10.106,10.322,0
ISRO_IC_02188,LOT_GAMMA,8.348,9.057,9.267,9.427,0
ISRO_IC_02189,LOT_GAMMA,9.859,12.219,18.633,49.739,2
ISRO_IC_02190,LOT_ALPHA,10.941,11.487,12.152,12.151,0
ISRO_IC_02191,LOT_DELTA,12.524,13.114,13.454,13.463,0
ISRO_IC_02192,LOT_GAMMA,8.818,9.281,9.309,9.292,0
ISRO_IC_02193,LOT_GAMMA,8.531,9.224,9.396,9.403,0
ISRO_IC_02194,LOT_ALPHA,11.216,11.679,11.824,11.867,0
ISRO_IC_02195,LOT_BETA,11.654,12.401,12.684,12.693,0
ISRO_IC_02196,LOT_BETA,13.401,13.752,14.018,14.18,0
ISRO_IC_02197,LOT_DELTA,13.693,14.553,14.497,14.64,0
ISRO_IC_02198,LOT_BETA,13.702,14.382,14.599,14.515,0
ISRO_IC_02199,LOT_BETA,13.543,16.308,26.048,71.217,2
ISRO_IC_02200,LOT_DELTA,18.963,19.481,19.765,19.797,0
ISRO_IC_02201,LOT_ALPHA,10.296,10.745,10.772,11.215,0
ISRO_IC_02202,LOT_BETA,15.016,15.515,15.793,15.74,0
ISRO_IC_02203,LOT_ALPHA,9.121,9.593,9.893,9.959,0
ISRO_IC_02204,LOT_GAMMA,7.738,8.473,8.82,9.09,0
ISRO_IC_02205,LOT_DELTA,17.391,17.649,18.196,18.313,0
ISRO_IC_02206,LOT_ALPHA,7.261,7.63,7.759,7.895,0
ISRO_IC_02207,LOT_DELTA,16.58,16.97,17.12,17.218,0
ISRO_IC_02208,LOT_ALPHA,9.509,9.999,10.467,10.662,0
ISRO_IC_02209,LOT_DELTA,14.306,14.908,14.954,14.932,0
ISRO_IC_02210,LOT_GAMMA,7.656,8.501,8.683,8.74,0
ISRO_IC_02211,LOT_DELTA,15.772,16.11,16.135,16.337,0
ISRO_IC_02212,LOT_ALPHA,10.178,10.811,11.062,10.938,0
ISRO_IC_02213,LOT_DELTA,14.096,14.658,14.864,14.539,0
ISRO_IC_02214,LOT_GAMMA,8.07,8.589,9.158,9.286,0
ISRO_IC_02215,LOT_BETA,14.002,14.473,14.964,14.918,0
ISRO_IC_02216,LOT_DELTA,17.779,18.153,18.411,18.559,0
ISRO_IC_02217,LOT_ALPHA,11.63,13.315,21.265,63.451,2
ISRO_IC_02218,LOT_DELTA,13.714,14.45,14.454,14.312,0
ISRO_IC_02219,LOT_ALPHA,25.535,26.076,26.176,26.394,1
ISRO_IC_02220,LOT_GAMMA,9.949,10.389,10.613,11.045,0
ISRO_IC_02221,LOT_BETA,12.104,12.562,12.627,12.83,0
ISRO_IC_02222,LOT_ALPHA,10.761,11.447,11.647,11.616,0
ISRO_IC_02223,LOT_ALPHA,8.939,9.348,9.656,9.765,0
ISRO_IC_02224,LOT_ALPHA,9.824,10.366,10.725,10.629,0
ISRO_IC_02225,LOT_BETA,13.855,14.348,14.447,14.538,0
ISRO_IC_02226,LOT_BETA,13.462,14.069,14.225,14.21,0
ISRO_IC_02227,LOT_GAMMA,10.063,10.503,11.129,11.029,0
ISRO_IC_02228,LOT_ALPHA,9.461,10.11,9.981,10.548,0
ISRO_IC_02229,LOT_ALPHA,11.215,11.898,12.067,11.999,0
ISRO_IC_02230,LOT_GAMMA,9.051,9.725,9.842,9.993,0
ISRO_IC_02231,LOT_ALPHA,9.467,9.883,10.021,10.23,0
ISRO_IC_02232,LOT_DELTA,17.404,18.047,18.069,18.243,0
ISRO_IC_02233,LOT_DELTA,31.264,31.722,31.867,32.11,1
ISRO_IC_02234,LOT_GAMMA,8.182,8.797,9.24,9.55,0
ISRO_IC_02235,LOT_GAMMA,7.498,8.071,7.856,8.21,0
ISRO_IC_02236,LOT_DELTA,14.726,15.198,15.271,15.393,0
ISRO_IC_02237,LOT_ALPHA,9.463,9.815,10.236,10.111,0
ISRO_IC_02238,LOT_ALPHA,8.003,8.658,8.952,9.018,0
ISRO_IC_02239,LOT_ALPHA,9.155,9.826,9.856,9.975,0
ISRO_IC_02240,LOT_GAMMA,8.489,9.145,9.277,9.626,0
ISRO_IC_02241,LOT_ALPHA,11.226,11.753,12.013,11.691,0
ISRO_IC_02242,LOT_GAMMA,9.027,9.385,9.573,9.836,0
ISRO_IC_02243,LOT_DELTA,14.286,16.161,25.523,67.08,2
ISRO_IC_02244,LOT_DELTA,16.545,17.137,17.304,17.032,0
ISRO_IC_02245,LOT_BETA,14.334,14.546,15.221,15.16,0
ISRO_IC_02246,LOT_ALPHA,9.842,10.461,10.758,10.801,0
ISRO_IC_02247,LOT_DELTA,13.017,13.388,13.927,14.011,0
ISRO_IC_02248,LOT_GAMMA,10.33,10.558,11.105,11.038,0
ISRO_IC_02249,LOT_ALPHA,9.248,9.895,10.19,10.199,0
ISRO_IC_02250,LOT_ALPHA,9.28,9.953,9.898,10.148,0
ISRO_IC_02251,LOT_DELTA,16.735,17.08,17.411,17.479,0
ISRO_IC_02252,LOT_GAMMA,9.971,10.652,10.574,10.881,0
ISRO_IC_02253,LOT_DELTA,18.874,19.488,19.421,19.685,0
ISRO_IC_02254,LOT_DELTA,18.48,18.988,19.301,19.44,0
ISRO_IC_02255,LOT_GAMMA,10.556,11.314,11.24,11.385,0
ISRO_IC_02256,LOT_BETA,11.25,12.035,12.349,12.41,0
ISRO_IC_02257,LOT_BETA,14.435,15.067,15.015,15.133,0
ISRO_IC_02258,LOT_BETA,13.626,14.264,14.286,14.491,0
ISRO_IC_02259,LOT_BETA,12.32,15.287,24.88,56.78,2
ISRO_IC_02260,LOT_GAMMA,6.16,7.003,7.082,7.074,0
ISRO_IC_02261,LOT_GAMMA,9.281,12.021,21.504,66.169,2
ISRO_IC_02262,LOT_DELTA,14.868,15.341,15.678,15.765,0
ISRO_IC_02263,LOT_BETA,13.55,14.132,14.321,14.372,0
ISRO_IC_02264,LOT_GAMMA,7.805,8.543,8.687,8.852,0
ISRO_IC_02265,LOT_GAMMA,8.639,11.264,17.143,63.013,2
ISRO_IC_02266,LOT_GAMMA,8.071,8.545,8.835,8.743,0
ISRO_IC_02267,LOT_GAMMA,8.557,9.168,9.461,9.654,0
ISRO_IC_02268,LOT_ALPHA,9.139,9.798,10.43,10.299,0
ISRO_IC_02269,LOT_BETA,15.063,15.695,15.778,15.891,0
ISRO_IC_02270,LOT_ALPHA,9.37,9.968,10.378,10.598,0
ISRO_IC_02271,LOT_BETA,15.159,15.986,15.908,16.115,0
ISRO_IC_02272,LOT_BETA,13.794,14.391,14.823,15.033,0
ISRO_IC_02273,LOT_GAMMA,7.986,8.729,8.752,8.831,0
ISRO_IC_02274,LOT_DELTA,15.851,16.608,16.786,16.916,0
ISRO_IC_02275,LOT_GAMMA,7.787,8.225,8.577,8.756,0
ISRO_IC_02276,LOT_GAMMA,8.606,9.272,9.449,9.839,0
ISRO_IC_02277,LOT_BETA,13.993,14.426,14.505,14.605,0
ISRO_IC_02278,LOT_GAMMA,9.155,9.685,9.967,10.195,0
ISRO_IC_02279,LOT_ALPHA,10.103,10.882,10.663,10.87,0
ISRO_IC_02280,LOT_ALPHA,9.607,10.232,10.304,10.602,0
ISRO_IC_02281,LOT_BETA,13.816,14.256,14.473,14.915,0
ISRO_IC_02282,LOT_BETA,12.63,13.119,13.64,13.504,0
ISRO_IC_02283,LOT_ALPHA,8.522,9.232,9.702,9.477,0
ISRO_IC_02284,LOT_ALPHA,11.146,11.537,11.805,11.952,0
ISRO_IC_02285,LOT_ALPHA,8.61,9.191,9.467,9.695,0
ISRO_IC_02286,LOT_DELTA,15.586,16.184,16.175,16.498,0
ISRO_IC_02287,LOT_BETA,11.508,12.369,12.31,12.485,0
ISRO_IC_02288,LOT_BETA,12.857,13.476,13.476,13.498,0
ISRO_IC_02289,LOT_ALPHA,11.826,12.599,12.702,12.504,0
ISRO_IC_02290,LOT_GAMMA,8.449,8.737,9.014,8.835,0
ISRO_IC_02291,LOT_ALPHA,16.068,16.563,17.025,17.018,1
ISRO_IC_02292,LOT_ALPHA,10.807,11.257,11.618,11.752,0
ISRO_IC_02293,LOT_BETA,15.178,15.694,15.725,15.8,0
ISRO_IC_02294,LOT_ALPHA,9.436,10.027,10.22,10.347,0
ISRO_IC_02295,LOT_ALPHA,10.347,10.642,10.988,11.178,0
ISRO_IC_02296,LOT_ALPHA,10.281,10.656,10.72,10.866,0
ISRO_IC_02297,LOT_ALPHA,11.166,11.737,11.751,12.109,0
ISRO_IC_02298,LOT_ALPHA,10.695,11.235,11.613,11.647,0
ISRO_IC_02299,LOT_BETA,13.103,13.581,14.02,14.336,0
ISRO_IC_02300,LOT_DELTA,17.19,17.878,17.859,18.119,0
ISRO_IC_02301,LOT_GAMMA,9.23,10.072,10.138,10.09,0
ISRO_IC_02302,LOT_BETA,13.106,13.489,13.493,13.874,0
ISRO_IC_02303,LOT_ALPHA,9.829,10.337,10.775,10.819,0
ISRO_IC_02304,LOT_DELTA,17.649,17.965,18.104,18.314,0
ISRO_IC_02305,LOT_BETA,11.756,12.104,12.313,12.278,0
ISRO_IC_02306,LOT_ALPHA,7.777,8.41,8.615,8.878,0
ISRO_IC_02307,LOT_GAMMA,14.805,15.32,15.401,15.582,1
ISRO_IC_02308,LOT_ALPHA,10.176,10.804,11.267,11.006,0
ISRO_IC_02309,LOT_BETA,14.767,15.355,15.582,15.442,0
ISRO_IC_02310,LOT_BETA,14.12,14.742,14.75,14.989,0
ISRO_IC_02311,LOT_DELTA,15.482,15.853,16.2,16.258,0
ISRO_IC_02312,LOT_BETA,12.294,12.896,12.885,12.875,0
ISRO_IC_02313,LOT_GAMMA,8.47,8.979,9.063,9.054,0
ISRO_IC_02314,LOT_DELTA,14.333,14.836,15.072,15.016,0
ISRO_IC_02315,LOT_ALPHA,21.218,21.627,21.552,21.915,1
ISRO_IC_02316,LOT_ALPHA,9.999,10.567,10.901,10.975,0
ISRO_IC_02317,LOT_BETA,18.002,18.67,18.775,18.753,0
ISRO_IC_02318,LOT_BETA,12.888,13.331,13.49,13.78,0
ISRO_IC_02319,LOT_BETA,15.663,16.296,16.534,16.503,0
ISRO_IC_02320,LOT_DELTA,14.66,15.049,15.277,15.613,0
ISRO_IC_02321,LOT_GAMMA,8.328,8.595,8.708,9.039,0
ISRO_IC_02322,LOT_GAMMA,6.435,7.107,7.432,7.547,0
ISRO_IC_02323,LOT_BETA,13.815,14.315,14.667,14.811,0
ISRO_IC_02324,LOT_DELTA,17.404,18.036,18.1,18.172,0
ISRO_IC_02325,LOT_DELTA,14.397,14.92,15.038,15.124,0
ISRO_IC_02326,LOT_DELTA,16.483,17.036,17.279,17.493,0
ISRO_IC_02327,LOT_ALPHA,12.533,12.981,13.422,13.637,0
ISRO_IC_02328,LOT_GAMMA,10.677,11.339,11.46,11.341,0
ISRO_IC_02329,LOT_ALPHA,10.479,11.056,11.348,11.66,0
ISRO_IC_02330,LOT_ALPHA,9.456,9.93,10.185,9.99,0
ISRO_IC_02331,LOT_ALPHA,8.776,9.314,9.186,9.602,0
ISRO_IC_02332,LOT_GAMMA,9.798,10.289,10.371,10.42,0
ISRO_IC_02333,LOT_GAMMA,9.321,9.92,10.239,10.554,0
ISRO_IC_02334,LOT_ALPHA,12.505,13.054,13.278,13.513,0
ISRO_IC_02335,LOT_BETA,12.352,12.825,13.02,13.127,0
ISRO_IC_02336,LOT_BETA,12.069,12.525,12.899,12.732,0
ISRO_IC_02337,LOT_BETA,13.864,14.406,14.581,14.749,0
ISRO_IC_02338,LOT_ALPHA,9.893,10.579,10.653,10.733,0
ISRO_IC_02339,LOT_BETA,11.495,11.931,12.315,12.319,0
ISRO_IC_02340,LOT_GAMMA,24.439,24.998,25.233,25.642,1
ISRO_IC_02341,LOT_ALPHA,23.371,23.77,24.149,24.115,1
ISRO_IC_02342,LOT_ALPHA,8.688,9.032,9.725,9.462,0
ISRO_IC_02343,LOT_BETA,13.103,13.665,13.728,13.808,0
ISRO_IC_02344,LOT_DELTA,15.479,16.316,16.569,16.674,0
ISRO_IC_02345,LOT_GAMMA,9.663,10.098,10.621,10.867,0
ISRO_IC_02346,LOT_GAMMA,24.941,25.197,25.445,25.477,1
ISRO_IC_02347,LOT_BETA,14.044,14.854,14.492,14.711,0
ISRO_IC_02348,LOT_GAMMA,9.021,9.696,10.027,10.287,0
ISRO_IC_02349,LOT_ALPHA,9.648,10.315,10.66,10.828,0
ISRO_IC_02350,LOT_GAMMA,9.055,11.149,16.799,60.293,2
ISRO_IC_02351,LOT_DELTA,14.746,15.232,15.315,15.583,0
ISRO_IC_02352,LOT_GAMMA,9.92,10.318,10.554,10.737,0
ISRO_IC_02353,LOT_DELTA,12.332,12.846,12.882,13.102,0
ISRO_IC_02354,LOT_GAMMA,8.133,8.651,9.044,8.942,0
ISRO_IC_02355,LOT_ALPHA,9.803,10.418,10.735,10.698,0
ISRO_IC_02356,LOT_DELTA,14.107,14.913,15.059,15.269,0
ISRO_IC_02357,LOT_ALPHA,36.97,37.639,37.548,38.011,1
ISRO_IC_02358,LOT_BETA,11.271,11.815,11.895,11.934,0
ISRO_IC_02359,LOT_ALPHA,9.816,10.502,10.457,10.646,0
ISRO_IC_02360,LOT_ALPHA,10.556,10.965,11.405,11.353,0
ISRO_IC_02361,LOT_BETA,12.86,13.578,13.544,13.866,0
ISRO_IC_02362,LOT_ALPHA,9.27,9.975,10.272,10.231,0
ISRO_IC_02363,LOT_BETA,15.526,16.196,16.152,16.329,0
ISRO_IC_02364,LOT_GAMMA,9.748,10.648,10.646,10.863,0
ISRO_IC_02365,LOT_ALPHA,11.696,12.158,12.402,12.459,0
ISRO_IC_02366,LOT_ALPHA,9.49,10.052,10.07,10.1,0
ISRO_IC_02367,LOT_GAMMA,9.012,9.683,9.75,9.839,0
ISRO_IC_02368,LOT_BETA,14.721,15.405,15.631,15.878,0
ISRO_IC_02369,LOT_GAMMA,8.574,8.915,9.014,9.17,0
ISRO_IC_02370,LOT_GAMMA,8.873,9.378,9.514,9.61,0
ISRO_IC_02371,LOT_DELTA,15.388,15.857,16.085,16.233,0
ISRO_IC_02372,LOT_GAMMA,8.547,9.267,9.527,9.627,0
ISRO_IC_02373,LOT_BETA,14.163,14.531,14.82,14.953,0
ISRO_IC_02374,LOT_GAMMA,8.272,8.671,9.114,9.386,0
ISRO_IC_02375,LOT_ALPHA,11.069,11.44,11.74,11.783,0
ISRO_IC_02376,LOT_BETA,12.78,13.168,13.374,13.778,0
ISRO_IC_02377,LOT_GAMMA,8.908,9.391,9.653,9.629,0
ISRO_IC_02378,LOT_BETA,14.77,15.178,15.411,15.637,0
ISRO_IC_02379,LOT_GAMMA,9.459,10.18,10.446,10.414,0
ISRO_IC_02380,LOT_DELTA,14.178,14.91,14.856,15.102,0
ISRO_IC_02381,LOT_DELTA,14.907,15.209,15.4,15.808,0
ISRO_IC_02382,LOT_DELTA,15.843,16.274,16.635,16.682,0
ISRO_IC_02383,LOT_BETA,13.436,14.161,14.559,14.676,0
ISRO_IC_02384,LOT_BETA,10.876,11.645,11.552,11.674,0
ISRO_IC_02385,LOT_GAMMA,9.771,10.048,10.5,10.481,0
ISRO_IC_02386,LOT_BETA,13.101,13.451,13.582,13.83,0
ISRO_IC_02387,LOT_GAMMA,9.209,9.667,9.733,9.88,0
ISRO_IC_02388,LOT_GAMMA,6.841,7.526,7.761,7.629,0
ISRO_IC_02389,LOT_GAMMA,8.404,9.01,8.954,9.073,0
ISRO_IC_02390,LOT_BETA,14.422,15.162,15.598,15.935,0
ISRO_IC_02391,LOT_ALPHA,11.307,12.174,12.022,12.272,0
ISRO_IC_02392,LOT_BETA,14.525,15.128,15.37,15.791,0
ISRO_IC_02393,LOT_ALPHA,8.677,9.49,9.473,9.599,0
ISRO_IC_02394,LOT_DELTA,14.783,15.355,15.62,15.614,0
ISRO_IC_02395,LOT_BETA,12.736,13.168,13.608,13.476,0
ISRO_IC_02396,LOT_ALPHA,9.284,9.841,9.815,10.194,0
ISRO_IC_02397,LOT_ALPHA,9.922,10.184,10.504,10.817,0
ISRO_IC_02398,LOT_GAMMA,9.269,9.852,10.034,10.06,0
ISRO_IC_02399,LOT_GAMMA,7.412,8.192,8.445,8.472,0
ISRO_IC_02400,LOT_BETA,12.092,12.694,13.032,13.066,0
ISRO_IC_02401,LOT_ALPHA,10.497,10.987,10.99,11.216,0
ISRO_IC_02402,LOT_BETA,15.791,16.365,16.325,16.495,0
ISRO_IC_02403,LOT_BETA,14.958,15.653,16.084,16.033,0
ISRO_IC_02404,LOT_GAMMA,39.691,40.448,40.3,40.574,1
ISRO_IC_02405,LOT_GAMMA,9.176,9.718,10.008,9.988,0
ISRO_IC_02406,LOT_BETA,13.713,15.387,23.124,50.725,2
ISRO_IC_02407,LOT_ALPHA,10.016,10.767,10.759,10.932,0
ISRO_IC_02408,LOT_DELTA,16.783,17.239,17.433,17.808,0
ISRO_IC_02409,LOT_BETA,13.915,14.536,14.792,14.818,0
ISRO_IC_02410,LOT_GAMMA,8.085,8.647,8.646,8.95,0
ISRO_IC_02411,LOT_ALPHA,10.871,11.317,11.362,11.615,0
ISRO_IC_02412,LOT_BETA,12.26,12.923,13.145,13.525,0
ISRO_IC_02413,LOT_ALPHA,10.295,10.981,11.277,11.295,0
ISRO_IC_02414,LOT_BETA,14.612,15.153,15.336,15.463,0
ISRO_IC_02415,LOT_DELTA,14.795,15.177,15.64,15.538,0
ISRO_IC_02416,LOT_BETA,13.844,14.382,14.608,14.645,0
ISRO_IC_02417,LOT_ALPHA,9.501,10.024,10.281,10.268,0
ISRO_IC_02418,LOT_ALPHA,12.094,12.8,12.841,13.083,0
ISRO_IC_02419,LOT_BETA,15.961,16.46,16.528,16.729,0
ISRO_IC_02420,LOT_ALPHA,20.881,21.53,21.749,21.941,1
ISRO_IC_02421,LOT_ALPHA,9.511,9.962,10.194,10.386,0
ISRO_IC_02422,LOT_GAMMA,8.448,9.191,9.595,9.514,0
ISRO_IC_02423,LOT_BETA,12.944,13.608,13.799,14.056,0
ISRO_IC_02424,LOT_ALPHA,9.248,9.683,10.07,10.066,0
ISRO_IC_02425,LOT_DELTA,13.522,14.312,14.471,14.526,0
ISRO_IC_02426,LOT_ALPHA,12.219,12.832,12.872,13.047,0
ISRO_IC_02427,LOT_DELTA,16.41,16.933,17.166,17.289,0
ISRO_IC_02428,LOT_BETA,11.306,11.9,12.148,12.382,0
ISRO_IC_02429,LOT_DELTA,16.255,16.656,16.959,17.274,0
ISRO_IC_02430,LOT_GAMMA,9.671,10.115,10.294,10.474,0
ISRO_IC_02431,LOT_DELTA,15.612,15.934,16.021,16.471,0
ISRO_IC_02432,LOT_DELTA,14.712,17.252,24.889,55.355,2
ISRO_IC_02433,LOT_ALPHA,10.919,11.334,12.131,11.64,0
ISRO_IC_02434,LOT_DELTA,17.191,17.628,17.882,18.06,0
ISRO_IC_02435,LOT_BETA,15.911,16.655,16.742,16.721,0
ISRO_IC_02436,LOT_BETA,13.203,13.525,13.649,13.913,0
ISRO_IC_02437,LOT_BETA,14.38,14.918,15.152,15.396,0
ISRO_IC_02438,LOT_BETA,13.315,13.837,13.765,14.195,0
ISRO_IC_02439,LOT_ALPHA,8.19,8.511,8.763,8.856,0
ISRO_IC_02440,LOT_GAMMA,9.398,9.936,10.134,10.149,0
ISRO_IC_02441,LOT_BETA,13.415,13.923,14.07,14.383,0
ISRO_IC_02442,LOT_GAMMA,10.075,10.796,10.972,11.211,0
ISRO_IC_02443,LOT_DELTA,18.069,18.512,19.054,18.571,0
ISRO_IC_02444,LOT_BETA,12.841,13.108,13.439,13.307,0
ISRO_IC_02445,LOT_BETA,24.027,24.292,24.795,24.493,1
ISRO_IC_02446,LOT_ALPHA,9.889,10.409,10.654,11.116,0
ISRO_IC_02447,LOT_ALPHA,10.064,10.553,10.74,10.814,0
ISRO_IC_02448,LOT_ALPHA,9.365,10.08,9.904,10.119,0
ISRO_IC_02449,LOT_BETA,13.27,13.699,13.888,13.813,0
ISRO_IC_02450,LOT_ALPHA,9.499,9.721,10.484,10.176,0
ISRO_IC_02451,LOT_DELTA,14.338,15.115,15.426,15.3,0
ISRO_IC_02452,LOT_GAMMA,9.942,10.669,10.657,11.059,0
ISRO_IC_02453,LOT_BETA,12.147,12.702,12.795,12.892,0
ISRO_IC_02454,LOT_GAMMA,8.398,9.034,9.245,9.307,0
ISRO_IC_02455,LOT_ALPHA,9.319,10.026,10.268,10.41,0
ISRO_IC_02456,LOT_BETA,13.951,14.279,14.541,14.74,0
ISRO_IC_02457,LOT_GAMMA,9.197,9.957,9.971,9.945,0
ISRO_IC_02458,LOT_BETA,15.33,16.068,16.127,15.931,0
ISRO_IC_02459,LOT_BETA,14.364,15.243,15.137,15.653,0
ISRO_IC_02460,LOT_DELTA,14.675,15.292,15.551,15.727,0
ISRO_IC_02461,LOT_DELTA,15.715,16.17,16.471,16.458,0
ISRO_IC_02462,LOT_GAMMA,8.208,8.707,9.049,9.048,0
ISRO_IC_02463,LOT_GAMMA,10.114,10.82,10.87,10.929,0
ISRO_IC_02464,LOT_GAMMA,10.535,11.098,11.234,11.414,0
ISRO_IC_02465,LOT_ALPHA,9.176,9.696,9.765,10.179,0
ISRO_IC_02466,LOT_BETA,16.143,18.568,23.653,69.055,2
ISRO_IC_02467,LOT_ALPHA,9.761,10.355,10.38,10.477,0
ISRO_IC_02468,LOT_BETA,16.385,18.18,25.381,54.713,2
ISRO_IC_02469,LOT_BETA,12.759,13.344,13.551,13.577,0
ISRO_IC_02470,LOT_ALPHA,9.161,9.751,9.658,10.084,0
ISRO_IC_02471,LOT_DELTA,16.831,17.303,17.599,17.704,0
ISRO_IC_02472,LOT_DELTA,16.335,17.106,17.321,17.518,0
ISRO_IC_02473,LOT_GAMMA,9.64,10.184,10.154,9.938,0
ISRO_IC_02474,LOT_BETA,15.525,16.07,16.106,16.093,0
ISRO_IC_02475,LOT_DELTA,15.592,15.903,16.034,16.328,0
ISRO_IC_02476,LOT_ALPHA,8.827,9.498,9.503,9.638,0
ISRO_IC_02477,LOT_GAMMA,8.892,9.489,9.843,9.68,0
ISRO_IC_02478,LOT_ALPHA,10.215,10.924,11.132,11.345,0
ISRO_IC_02479,LOT_GAMMA,10.989,11.423,11.665,11.744,0
ISRO_IC_02480,LOT_ALPHA,10.125,13.314,19.825,64.666,2
ISRO_IC_02481,LOT_DELTA,13.385,14.133,14.05,14.219,0
ISRO_IC_02482,LOT_DELTA,15.87,16.486,16.834,16.872,0
ISRO_IC_02483,LOT_ALPHA,11.344,11.934,12.26,12.352,0
ISRO_IC_02484,LOT_BETA,13.771,14.387,14.585,14.916,0
ISRO_IC_02485,LOT_DELTA,16.969,17.401,17.854,18.075,0
ISRO_IC_02486,LOT_BETA,12.706,13.267,13.205,13.479,0
ISRO_IC_02487,LOT_DELTA,13.487,14.236,14.366,14.472,0
ISRO_IC_02488,LOT_GAMMA,8.912,9.636,9.78,10.209,0
ISRO_IC_02489,LOT_BETA,14.032,14.641,14.79,14.964,0
ISRO_IC_02490,LOT_ALPHA,9.171,11.347,19.45,58.765,2
ISRO_IC_02491,LOT_ALPHA,9.994,10.508,10.544,10.854,0
ISRO_IC_02492,LOT_GAMMA,9.935,10.48,10.875,10.879,0
ISRO_IC_02493,LOT_BETA,15.633,16.204,16.1,16.266,0
ISRO_IC_02494,LOT_BETA,12.703,13.246,13.655,13.8,0
ISRO_IC_02495,LOT_BETA,13.677,14.16,14.649,14.688,0
ISRO_IC_02496,LOT_GAMMA,9.02,9.419,9.463,9.776,0
ISRO_IC_02497,LOT_DELTA,15.493,16.463,16.482,16.549,0
ISRO_IC_02498,LOT_DELTA,13.113,13.825,13.9,13.905,0
ISRO_IC_02499,LOT_BETA,16.302,16.989,17.136,17.305,0
